instance,n,u,procs,elapsed
n_005_u_100_2,5,1,4,0.0304799999999886
n_005_u_100_1,5,1,5,0.0469000000000232
n_006_u_120_1,6,1.2,4,0.0493800000000192
n_006_u_120_2,6,1.2,5,0.0696599999999672
n_007_u_140_2,7,1.4,6,0.0708199999999852
n_007_u_140_1,7,1.4,6,0.088060000000005
n_008_u_160_2,8,1.6,7,0.090699999999997
n_008_u_160_1,8,1.6,6,0.0956399999999848
n_009_u_180_2,9,1.8,8,0.121339999999982
n_009_u_180_1,9,1.8,9,0.127299999999996
n_010_u_200_1,10,2,9,0.145420000000013
n_011_u_220_1,11,2.2,10,0.170660000000025
n_011_u_220_2,11,2.2,11,0.173300000000017
n_012_u_240_2,12,2.4,8,0.174079999999994
n_010_u_200_2,10,2,8,0.194240000000027
n_012_u_240_1,12,2.4,11,0.215900000000002
n_013_u_260_2,13,2.6,10,0.240319999999992
n_013_u_260_1,13,2.6,11,0.255479999999988
n_014_u_280_1,14,2.8,13,0.255679999999994
n_014_u_280_2,14,2.8,11,0.266159999999982
n_015_u_300_2,15,3,15,0.294039999999986
n_015_u_300_1,15,3,16,0.323940000000002
n_016_u_320_1,16,3.2,14,0.329079999999994
n_017_u_340_2,17,3.4,13,0.357520000000004
n_016_u_320_2,16,3.2,16,0.35808000000001
n_017_u_340_1,17,3.4,15,0.385799999999982
n_018_u_360_1,18,3.6,13,0.393120000000018
n_018_u_360_3,18,3.6,14,0.394580000000024
n_019_u_380_1,19,3.8,17,0.448600000000006
n_020_u_400_3,20,4,14,0.38326000000001
n_018_u_360_2,18,3.6,16,0.413199999999998
n_020_u_400_1,20,4,16,0.505040000000008
n_020_u_400_2,20,4,15,0.43696
n_019_u_380_2,19,3.8,16,0.488680000000022
n_021_u_420_1,21,4.2,18,0.542479999999996
n_019_u_380_3,19,3.8,16,0.487160000000004
n_021_u_420_3,21,4.2,19,0.476100000000006
n_022_u_440_1,22,4.4,19,0.574079999999994
n_023_u_459_1,23,4.6,17,0.629799999999996
n_021_u_420_2,21,4.2,17,0.549660000000004
n_022_u_440_2,22,4.4,16,0.57941999999999
n_025_u_500_1,25,5,24,0.717160000000004
n_024_u_480_1,24,4.8,22,0.71890000000003
n_022_u_440_3,22,4.4,21,0.62453999999998
n_027_u_540_1,27,5.4,21,0.766680000000014
n_023_u_459_2,23,4.6,20,0.635879999999998
n_024_u_480_2,24,4.8,18,0.612299999999996
n_026_u_520_1,26,5.2,21,0.850660000000026
n_023_u_459_3,23,4.6,21,0.69308000000001
n_024_u_480_3,24,4.8,21,0.719480000000004
n_028_u_560_1,28,5.6,24,0.944360000000016
n_025_u_500_2,25,5,19,0.745879999999998
n_029_u_580_1,29,5.8,22,0.96528000000002
n_025_u_500_3,25,5,22,0.801820000000006
n_026_u_520_2,26,5.2,22,0.815480000000026
n_026_u_520_3,26,5.2,22,0.830699999999998
n_030_u_600_1,30,6,25,1.08624
n_027_u_540_2,27,5.4,20,0.831440000000002
n_027_u_540_3,27,5.4,23,0.877720000000008
n_031_u_620_1,31,6.2,27,1.16922000000002
n_032_u_640_1,32,6.4,31,1.21964
n_028_u_560_3,28,5.6,21,0.996159999999982
n_029_u_580_2,29,5.8,26,0.964919999999984
n_033_u_660_1,33,6.6,25,1.29558000000001
n_028_u_560_2,28,5.6,22,0.98591999999997
n_030_u_600_3,30,6,22,0.985699999999998
n_029_u_580_3,29,5.8,22,0.988160000000026
n_034_u_680_1,34,6.8,24,1.36469999999998
n_030_u_600_2,30,6,23,1.05349999999999
n_031_u_620_4,31,6.2,24,1.06871999999999
n_035_u_700_1,35,7,27,1.55343999999997
n_031_u_620_3,31,6.2,23,1.12482
n_031_u_620_2,31,6.2,27,1.20889999999999
n_037_u_740_1,37,7.4,36,1.66646000000001
n_036_u_720_1,36,7.2,26,1.70106
n_032_u_640_2,32,6.4,26,1.25477999999999
n_033_u_660_3,33,6.6,29,1.2523
n_033_u_660_2,33,6.6,30,1.27516
n_032_u_640_3,32,6.4,26,1.26294000000002
n_038_u_760_1,38,7.6,27,1.81164000000001
n_033_u_660_4,33,6.6,28,1.36135999999999
n_039_u_780_1,39,7.8,30,1.81925999999999
n_005_u_100_3,5,1,5,0.0381800000000294
n_006_u_120_3,6,1.2,5,0.0469599999999992
n_032_u_640_4,32,6.4,27,1.31464
n_034_u_680_4,34,6.8,26,1.35665999999997
n_034_u_680_2,34,6.8,26,1.42049999999999
n_041_u_819_1,41,8.2,39,2.00142000000004
n_034_u_680_3,34,6.8,28,1.39389999999999
n_035_u_700_2,35,7,30,1.48081999999999
n_008_u_160_3,8,1.6,7,0.077599999999984
n_036_u_720_2,36,7.2,30,1.45564000000002
n_042_u_840_1,42,8.4,37,2.11802
n_040_u_800_1,40,8,32,2.12086
n_035_u_700_4,35,7,24,1.41024000000001
n_007_u_140_3,7,1.4,9,0.075659999999989
n_035_u_700_3,35,7,28,1.50977999999999
n_009_u_180_3,9,1.8,7,0.100159999999996
n_018_u_360_4,18,3.6,17,0.418539999999994
n_019_u_380_4,19,3.8,14,0.468099999999976
n_037_u_740_2,37,7.4,32,1.6357
n_036_u_720_3,36,7.2,28,1.57586000000003
n_037_u_740_3,37,7.4,28,1.61918000000001
n_044_u_880_1,44,8.8,35,2.40388
n_037_u_740_4,37,7.4,29,1.51666000000001
n_036_u_720_4,36,7.2,28,1.5625
n_045_u_900_1,45,9,36,2.45240000000002
n_038_u_760_2,38,7.6,32,1.81392000000003
n_011_u_220_3,11,2.2,9,0.137519999999968
n_047_u_940_1,47,9.4,36,2.54194
n_043_u_860_1,43,8.6,33,2.55754
n_005_u_100_4,5,1,5,0.035020000000004
n_046_u_920_1,46,9.2,38,2.59101999999998
n_012_u_240_3,12,2.4,10,0.174979999999996
n_021_u_420_4,21,4.2,17,0.56188000000002
n_010_u_200_3,10,2,9,0.136460000000006
n_020_u_400_4,20,4,17,0.502760000000016
n_038_u_760_4,38,7.6,31,1.76835999999999
n_014_u_280_3,14,2.8,12,0.21043999999998
n_005_u_100_6,5,1,5,0.0292399999999906
n_013_u_260_3,13,2.6,10,0.205740000000006
n_022_u_440_4,22,4.4,20,0.578700000000026
n_039_u_780_2,39,7.8,34,1.96315999999999
n_040_u_800_2,40,8,35,2.05851999999998
n_049_u_980_1,49,9.8,42,2.82779999999998
n_039_u_780_3,39,7.8,32,1.78
n_048_u_960_1,48,9.6,38,2.85588000000004
n_006_u_120_4,6,1.2,6,0.0526399999999922
n_038_u_760_3,38,7.6,30,1.92894
n_007_u_140_4,7,1.4,7,0.0696199999999954
n_006_u_120_5,6,1.2,6,0.0464199999999982
n_005_u_100_5,5,1,4,0.0327000000000044
n_018_u_360_5,18,3.6,15,0.389000000000014
n_040_u_800_3,40,8,31,1.88
n_039_u_780_4,39,7.8,33,1.90478000000003
n_006_u_120_6,6,1.2,5,0.0388000000000102
n_041_u_819_2,41,8.2,33,2.07748
n_007_u_140_5,7,1.4,6,0.0552400000000126
n_040_u_800_4,40,8,31,1.92311999999998
n_042_u_840_2,42,8.4,39,2.11330000000002
n_008_u_160_4,8,1.6,7,0.0753399999999966
n_015_u_300_3,15,3,11,0.248580000000002
n_050_u_1000_1,50,10,40,3.10973999999998
n_016_u_320_3,16,3.2,14,0.286899999999986
n_007_u_140_6,7,1.4,6,0.061020000000026
n_018_u_360_7,18,3.6,15,0.362160000000004
n_043_u_860_2,43,8.6,39,2.07446
n_024_u_480_4,24,4.8,18,0.63018
n_009_u_180_4,9,1.8,8,0.11007999999998
n_041_u_819_3,41,8.2,31,1.88438000000002
n_008_u_160_5,8,1.6,7,0.0795200000000114
n_010_u_200_4,10,2,10,0.134599999999991
n_019_u_380_5,19,3.8,18,0.457280000000028
n_023_u_459_4,23,4.6,19,0.644860000000008
n_041_u_819_4,41,8.2,32,2.05366000000002
n_025_u_500_4,25,5,20,0.727820000000028
n_019_u_380_6,19,3.8,18,0.464140000000006
n_018_u_360_6,18,3.6,15,0.43923999999999
n_020_u_400_5,20,4,15,0.50441999999999
n_008_u_160_6,8,1.6,8,0.0746600000000034
n_042_u_840_3,42,8.4,33,2.13644
n_043_u_860_4,43,8.6,35,2.09076
n_031_u_620_5,31,6.2,26,1.17297999999999
n_019_u_380_7,19,3.8,15,0.429579999999988
n_044_u_880_2,44,8.8,34,2.3
n_017_u_340_3,17,3.4,13,0.359739999999984
n_020_u_400_6,20,4,18,0.466920000000028
n_009_u_180_5,9,1.8,7,0.0939000000000306
n_010_u_200_6,10,2,9,0.114420000000027
n_020_u_400_7,20,4,17,0.44214
n_026_u_520_4,26,5.2,21,0.799919999999984
n_011_u_220_4,11,2.2,9,0.139220000000023
n_027_u_540_4,27,5.4,27,0.86206000000002
n_021_u_420_5,21,4.2,16,0.545600000000014
n_032_u_640_5,32,6.4,26,1.31212000000003
n_043_u_860_3,43,8.6,35,2.225
n_045_u_900_2,45,9,36,2.49056
n_042_u_840_4,42,8.4,35,2.3811
n_021_u_420_6,21,4.2,15,0.488559999999998
n_010_u_200_5,10,2,7,0.10119999999999
n_044_u_880_4,44,8.8,32,2.18370000000002
n_022_u_440_5,22,4.4,17,0.607340000000004
n_044_u_880_3,44,8.8,36,2.2211
n_009_u_180_6,9,1.8,9,0.109480000000003
n_046_u_920_2,46,9.2,36,2.60202000000002
n_021_u_420_7,21,4.2,17,0.479780000000028
n_012_u_240_4,12,2.4,13,0.19369999999999
n_011_u_220_6,11,2.2,13,0.149720000000016
n_023_u_459_5,23,4.6,19,0.638679999999986
n_047_u_940_2,47,9.4,39,2.60984
n_044_u_880_5,44,8.8,33,2.48081999999998
n_011_u_220_5,11,2.2,10,0.160119999999988
n_033_u_660_5,33,6.6,27,1.30040000000001
n_034_u_680_5,34,6.8,27,1.39895999999997
n_046_u_920_4,46,9.2,36,2.28584000000002
n_028_u_560_4,28,5.6,25,0.971020000000026
n_031_u_620_6,31,6.2,30,1.14356
n_029_u_580_4,29,5.8,21,0.998580000000002
n_011_u_220_7,11,2.2,10,0.154400000000023
n_013_u_260_4,13,2.6,12,0.252639999999992
n_023_u_459_7,23,4.6,19,0.608140000000022
n_022_u_440_6,22,4.4,19,0.653580000000002
n_014_u_280_4,14,2.8,13,0.249720000000016
n_024_u_480_5,24,4.8,18,0.616000000000022
n_045_u_900_3,45,9,35,2.5241
n_046_u_920_3,46,9.2,38,2.46633999999998
n_013_u_260_6,13,2.6,12,0.201519999999982
n_045_u_900_4,45,9,35,2.46752
n_048_u_960_2,48,9.6,36,2.73937999999998
n_045_u_900_5,45,9,42,2.49732
n_031_u_620_8,31,6.2,29,1.23511999999999
n_035_u_700_5,35,7,27,1.58049999999999
n_012_u_240_5,12,2.4,11,0.152260000000024
n_022_u_440_7,22,4.4,16,0.569680000000008
n_013_u_260_5,13,2.6,12,0.202739999999976
n_012_u_240_6,12,2.4,11,0.190040000000008
n_023_u_459_6,23,4.6,19,0.693420000000006
n_046_u_920_5,46,9.2,38,2.64924000000002
n_031_u_620_7,31,6.2,26,1.13722000000002
n_032_u_640_7,32,6.4,24,1.16359999999997
n_012_u_240_7,12,2.4,11,0.174779999999992
n_047_u_940_3,47,9.4,37,2.5945
n_030_u_600_4,30,6,23,1.09921999999999
n_049_u_980_2,49,9.8,39,2.87171999999998
n_015_u_300_4,15,3,14,0.27989999999998
n_024_u_480_6,24,4.8,20,0.622839999999996
n_033_u_660_6,33,6.6,27,1.20902000000002
n_032_u_640_8,32,6.4,27,1.17575999999997
n_024_u_480_7,24,4.8,21,0.707220000000016
n_047_u_940_4,47,9.4,37,2.58774000000002
n_032_u_640_6,32,6.4,26,1.30931999999997
n_013_u_260_7,13,2.6,12,0.180459999999985
n_047_u_940_5,47,9.4,36,2.73366000000002
n_025_u_500_5,25,5,19,0.761039999999994
n_050_u_1000_2,50,10,40,3.02153999999998
n_033_u_660_7,33,6.6,26,1.27853999999999
n_033_u_660_8,33,6.6,28,1.21304
n_037_u_740_5,37,7.4,28,1.61568000000003
n_024_u_480_8,24,4.8,22,0.676980000000004
n_014_u_280_5,14,2.8,13,0.259679999999972
n_016_u_320_4,16,3.2,13,0.289520000000012
n_014_u_280_6,14,2.8,12,0.263559999999998
n_014_u_280_7,14,2.8,12,0.233739999999998
n_048_u_960_3,48,9.6,36,2.88288
n_026_u_520_5,26,5.2,24,0.801360000000022
n_048_u_960_4,48,9.6,36,2.75712
n_049_u_980_3,49,9.8,38,2.91442
n_048_u_960_5,48,9.6,43,2.84279999999998
n_034_u_680_6,34,6.8,28,1.38117999999999
n_017_u_340_4,17,3.4,15,0.343499999999986
n_038_u_760_5,38,7.6,31,1.70376
n_036_u_720_5,36,7.2,27,1.72420000000002
n_049_u_980_4,49,9.8,39,2.70684000000002
n_026_u_520_7,26,5.2,21,0.805119999999988
n_034_u_680_8,34,6.8,24,1.19117999999999
n_005_u_100_7,5,1,6,0.0358799999999974
n_034_u_680_7,34,6.8,26,1.35651999999998
n_027_u_540_5,27,5.4,24,0.900640000000022
n_025_u_500_6,25,5,18,0.749880000000012
n_050_u_1000_5,50,10,41,2.76851999999998
n_015_u_300_5,15,3,16,0.284599999999992
n_026_u_520_6,26,5.2,21,0.791200000000026
n_025_u_500_7,25,5,21,0.78507999999998
n_050_u_1000_4,50,10,37,2.85028000000002
n_015_u_300_7,15,3,14,0.25214
n_035_u_700_6,35,7,28,1.4632
n_015_u_300_6,15,3,13,0.291440000000002
n_025_u_500_8,25,5,20,0.737160000000004
n_016_u_320_5,16,3.2,15,0.324359999999978
n_016_u_320_6,16,3.2,13,0.28431999999997
n_049_u_980_5,49,9.8,41,2.90509999999998
n_040_u_800_5,40,8,30,1.77813999999998
n_039_u_780_5,39,7.8,32,1.82206000000002
n_007_u_140_7,7,1.4,7,0.0610000000000218
n_028_u_560_5,28,5.6,22,0.891399999999994
n_018_u_360_8,18,3.6,13,0.371059999999998
n_006_u_120_7,6,1.2,6,0.0497000000000116
n_036_u_720_6,36,7.2,31,1.53532000000003
n_026_u_520_8,26,5.2,21,0.862000000000008
n_017_u_340_7,17,3.4,15,0.350679999999994
n_050_u_1000_3,50,10,40,3.20984
n_035_u_700_7,35,7,26,1.38874
n_017_u_340_6,17,3.4,15,0.356320000000014
n_036_u_720_8,36,7.2,31,1.50437999999998
n_016_u_320_7,16,3.2,13,0.331100000000006
n_027_u_540_7,27,5.4,20,0.820720000000002
n_027_u_540_6,27,5.4,22,0.926260000000002
n_037_u_740_6,37,7.4,27,1.54212000000003
n_044_u_880_6,44,8.8,36,2.32644
n_027_u_540_8,27,5.4,23,0.92398000000001
n_029_u_580_5,29,5.8,28,0.982360000000008
n_035_u_700_8,35,7,30,1.44727999999999
n_020_u_400_8,20,4,15,0.46880000000001
n_011_u_220_8,11,2.2,11,0.162660000000033
n_017_u_340_5,17,3.4,14,0.381640000000006
n_019_u_380_8,19,3.8,16,0.503919999999998
n_036_u_720_7,36,7.2,27,1.53150000000001
n_030_u_600_5,30,6,23,1.01164000000001
n_041_u_819_5,41,8.2,31,2.01807999999998
n_028_u_560_6,28,5.6,21,0.903559999999998
n_028_u_560_7,28,5.6,23,0.890099999999984
n_008_u_160_7,8,1.6,5,0.0674599999999918
n_045_u_900_6,45,9,35,2.52225999999998
n_042_u_840_5,42,8.4,34,2.10736
n_037_u_740_8,37,7.4,28,1.61026000000002
n_037_u_740_7,37,7.4,28,1.6316
n_029_u_580_6,29,5.8,25,0.93239999999998
n_028_u_560_8,28,5.6,21,1.01649999999998
n_029_u_580_7,29,5.8,23,0.94130000000001
n_009_u_180_7,9,1.8,11,0.105400000000009
n_012_u_240_8,12,2.4,11,0.189219999999987
n_038_u_760_6,38,7.6,30,1.75651999999998
n_037_u_740_9,37,7.4,28,1.64453999999998
n_005_u_100_8,5,1,4,0.0353000000000248
n_046_u_920_6,46,9.2,33,2.50024000000002
n_030_u_600_8,30,6,25,1.09423999999999
n_024_u_480_9,24,4.8,17,0.706800000000002
n_031_u_620_9,31,6.2,25,1.17653999999999
n_044_u_880_7,44,8.8,36,2.56380000000002
n_030_u_600_7,30,6,23,1.08356
n_029_u_580_8,29,5.8,25,1.01115999999998
n_013_u_260_8,13,2.6,12,0.210400000000008
n_044_u_880_8,44,8.8,35,2.24884000000002
n_021_u_420_8,21,4.2,20,0.600320000000028
n_039_u_780_6,39,7.8,30,1.81686000000002
n_047_u_940_6,47,9.4,40,2.74088
n_011_u_220_9,11,2.2,11,0.154279999999999
n_006_u_120_8,6,1.2,6,0.0546600000000034
n_043_u_860_5,43,8.6,35,2.2605
n_018_u_360_9,18,3.6,16,0.401340000000018
n_038_u_760_7,38,7.6,30,1.74049999999999
n_039_u_780_8,39,7.8,32,1.81547999999999
n_045_u_900_8,45,9,36,2.36595999999998
n_044_u_880_9,44,8.8,34,2.52836
n_005_u_100_9,5,1,4,0.0305199999999968
n_011_u_220_10,11,2.2,11,0.1575
n_006_u_120_10,6,1.2,5,0.0527799999999842
n_022_u_440_8,22,4.4,19,0.613579999999966
n_010_u_200_7,10,2,8,0.122940000000017
n_014_u_280_8,14,2.8,10,0.219299999999966
n_038_u_760_8,38,7.6,28,1.76088
n_025_u_500_9,25,5,22,0.661360000000022
n_011_u_220_11,11,2.2,9,0.135040000000008
n_005_u_100_10,5,1,6,0.0334800000000178
n_030_u_600_6,30,6,24,1.09272000000001
n_012_u_240_10,12,2.4,11,0.161519999999982
n_039_u_780_7,39,7.8,31,1.81376
n_040_u_800_6,40,8,34,1.935
n_038_u_760_9,38,7.6,30,1.79554
n_045_u_900_7,45,9,33,2.45703999999998
n_006_u_120_9,6,1.2,5,0.045
n_046_u_920_7,46,9.2,36,2.49421999999998
n_007_u_140_8,7,1.4,6,0.0492199999999866
n_005_u_100_11,5,1,4,0.0333199999999852
n_033_u_660_9,33,6.6,26,1.26932000000001
n_039_u_780_9,39,7.8,31,1.70862000000001
n_046_u_920_9,46,9.2,39,2.45440000000002
n_032_u_640_9,32,6.4,26,1.27849999999999
n_006_u_120_11,6,1.2,4,0.0511200000000098
n_012_u_240_9,12,2.4,11,0.20112000000001
n_048_u_960_6,48,9.6,39,2.92135999999998
n_018_u_360_10,18,3.6,15,0.403220000000002
n_013_u_260_9,13,2.6,12,0.214099999999998
n_018_u_360_11,18,3.6,15,0.31286
n_019_u_380_9,19,3.8,18,0.529580000000024
n_019_u_380_11,19,3.8,15,0.459099999999998
n_045_u_900_9,45,9,33,2.78626
n_013_u_260_11,13,2.6,13,0.221679999999978
n_026_u_520_9,26,5.2,18,0.758379999999998
n_024_u_480_10,24,4.8,18,0.680620000000018
n_046_u_920_8,46,9.2,34,2.74490000000002
n_019_u_380_10,19,3.8,17,0.428099999999976
n_041_u_819_6,41,8.2,34,2.07862
n_015_u_300_8,15,3,12,0.257099999999992
n_018_u_360_12,18,3.6,14,0.446440000000002
n_020_u_400_9,20,4,16,0.453480000000018
n_012_u_240_11,12,2.4,11,0.159259999999995
n_023_u_459_8,23,4.6,21,0.623460000000014
n_008_u_160_8,8,1.6,8,0.0926599999999962
n_024_u_480_11,24,4.8,19,0.734260000000032
n_040_u_800_7,40,8,32,1.92968000000001
n_047_u_940_8,47,9.4,38,2.56866000000002
n_040_u_800_8,40,8,32,1.98326000000001
n_047_u_940_9,47,9.4,39,2.60650000000002
n_013_u_260_10,13,2.6,11,0.187939999999981
n_024_u_480_12,24,4.8,21,0.68076000000001
n_050_u_1000_6,50,10,37,2.95324
n_007_u_140_9,7,1.4,6,0.0675400000000082
n_019_u_380_12,19,3.8,18,0.474120000000002
n_007_u_140_10,7,1.4,6,0.0600399999999718
n_027_u_540_9,27,5.4,25,0.784860000000008
n_025_u_500_11,25,5,17,0.75637999999999
n_047_u_940_7,47,9.4,36,2.81489999999998
n_040_u_800_9,40,8,33,2.08596000000002
n_048_u_960_7,48,9.6,37,2.66394
n_014_u_280_10,14,2.8,13,0.257540000000008
n_014_u_280_11,14,2.8,11,0.25119999999999
n_007_u_140_11,7,1.4,5,0.0523400000000038
n_042_u_840_6,42,8.4,32,2.13666000000002
n_025_u_500_10,25,5,20,0.754279999999998
n_014_u_280_9,14,2.8,13,0.221620000000002
n_031_u_620_10,31,6.2,27,1.20988000000001
n_041_u_819_7,41,8.2,31,1.94432000000001
n_009_u_180_8,9,1.8,8,0.101180000000022
n_017_u_340_8,17,3.4,15,0.362940000000016
n_021_u_420_9,21,4.2,17,0.519699999999976
n_041_u_819_8,41,8.2,32,2.00370000000002
n_008_u_160_9,8,1.6,7,0.0894800000000032
n_015_u_300_9,15,3,10,0.237819999999992
n_034_u_680_9,34,6.8,26,1.41636000000002
n_026_u_520_10,26,5.2,21,0.863300000000018
n_020_u_400_11,20,4,17,0.442419999999984
n_049_u_980_6,49,9.8,39,3.16350000000002
n_041_u_819_9,41,8.2,32,1.96536
n_008_u_160_10,8,1.6,7,0.0777600000000166
n_049_u_980_7,49,9.8,39,2.78354
n_026_u_520_12,26,5.2,20,0.802099999999992
n_025_u_500_12,25,5,21,0.711399999999994
n_037_u_740_10,37,7.4,29,1.66260000000002
n_020_u_400_10,20,4,17,0.568420000000006
n_048_u_960_8,48,9.6,38,2.75276000000002
n_042_u_840_8,42,8.4,31,2.03756000000002
n_008_u_160_11,8,1.6,8,0.0996399999999994
n_043_u_860_6,43,8.6,33,2.30352000000002
n_042_u_840_7,42,8.4,32,2.10644
n_009_u_180_10,9,1.8,9,0.0911200000000098
n_028_u_560_9,28,5.6,25,0.874000000000014
n_009_u_180_9,9,1.8,8,0.100740000000005
n_010_u_200_8,10,2,10,0.133040000000001
n_031_u_620_11,31,6.2,26,1.17748
n_020_u_400_12,20,4,17,0.541280000000006
n_031_u_620_12,31,6.2,26,1.14925999999999
n_026_u_520_11,26,5.2,21,0.809219999999986
n_035_u_700_9,35,7,25,1.57362000000001
n_016_u_320_8,16,3.2,13,0.297300000000032
n_050_u_1000_7,50,10,37,2.77316000000002
n_032_u_640_10,32,6.4,24,1.18932000000001
n_016_u_320_9,16,3.2,15,0.319399999999986
n_049_u_980_9,49,9.8,38,2.92768
n_032_u_640_12,32,6.4,23,1.19857999999997
n_015_u_300_10,15,3,13,0.303819999999978
n_048_u_960_9,48,9.6,40,2.77456000000002
n_022_u_440_9,22,4.4,19,0.560639999999984
n_038_u_760_10,38,7.6,32,1.68776000000002
n_021_u_420_10,21,4.2,17,0.587079999999988
n_005_u_100_12,5,1,4,0.039300000000003
n_021_u_420_11,21,4.2,21,0.51637999999999
n_031_u_620_13,31,6.2,24,1.23153999999999
n_032_u_640_11,32,6.4,25,1.27206000000002
n_021_u_420_12,21,4.2,21,0.51296000000002
n_043_u_860_9,43,8.6,34,2.23894
n_027_u_540_10,27,5.4,23,0.803899999999994
n_043_u_860_8,43,8.6,31,2.175
n_033_u_660_10,33,6.6,27,1.30416000000001
n_042_u_840_9,42,8.4,32,2.17666000000002
n_017_u_340_9,17,3.4,14,0.337639999999992
n_016_u_320_11,16,3.2,14,0.303160000000026
n_015_u_300_11,15,3,14,0.266520000000018
n_049_u_980_8,49,9.8,40,2.94420000000002
n_022_u_440_11,22,4.4,19,0.519340000000012
n_027_u_540_12,27,5.4,22,0.990319999999992
n_027_u_540_11,27,5.4,21,1.01006000000001
n_009_u_180_11,9,1.8,7,0.0992199999999866
n_032_u_640_13,32,6.4,31,1.25345999999998
n_010_u_200_11,10,2,9,0.135499999999993
n_010_u_200_10,10,2,11,0.133799999999974
n_044_u_880_10,44,8.8,36,2.36394
n_036_u_720_9,36,7.2,34,1.48665999999997
n_022_u_440_10,22,4.4,17,0.608899999999994
n_023_u_459_9,23,4.6,16,0.617360000000008
n_028_u_560_10,28,5.6,21,0.967259999999988
n_018_u_360_13,18,3.6,14,0.386179999999986
n_011_u_220_12,11,2.2,9,0.14372000000003
n_043_u_860_7,43,8.6,30,2.12866000000002
n_030_u_600_9,30,6,24,1.09792000000001
n_037_u_740_11,37,7.4,31,1.71201999999997
n_050_u_1000_9,50,10,39,2.98986
n_039_u_780_10,39,7.8,25,1.76726000000002
n_016_u_320_10,16,3.2,14,0.347839999999996
n_010_u_200_9,10,2,8,0.118580000000002
n_006_u_120_12,6,1.2,5,0.0507600000000094
n_037_u_740_12,37,7.4,29,1.6843
n_050_u_1000_8,50,10,37,3.08874
n_037_u_740_13,37,7.4,28,1.68684000000001
n_033_u_660_12,33,6.6,27,1.26311999999998
n_028_u_560_11,28,5.6,22,0.869020000000018
n_038_u_760_12,38,7.6,29,1.70828000000001
n_029_u_580_9,29,5.8,28,1.00902000000002
n_017_u_340_11,17,3.4,13,0.318319999999986
n_046_u_920_10,46,9.2,36,2.36018
n_005_u_100_14,5,1,6,0.0377400000000126
n_023_u_459_11,23,4.6,19,0.55691999999999
n_034_u_680_10,34,6.8,26,1.40884000000002
n_022_u_440_12,22,4.4,21,0.598640000000014
n_033_u_660_11,33,6.6,25,1.33081999999999
n_029_u_580_10,29,5.8,23,1.07291999999998
n_023_u_459_12,23,4.6,19,0.648499999999986
n_017_u_340_10,17,3.4,14,0.334020000000018
n_019_u_380_13,19,3.8,16,0.428460000000014
n_045_u_900_10,45,9,35,2.48978
n_028_u_560_12,28,5.6,22,0.85268
n_013_u_260_12,13,2.6,13,0.203459999999978
n_038_u_760_11,38,7.6,27,1.72302
n_005_u_100_13,5,1,4,0.0365999999999986
n_024_u_480_13,24,4.8,19,0.661159999999982
n_030_u_600_10,30,6,23,1.00574000000001
n_023_u_459_10,23,4.6,17,0.598179999999994
n_033_u_660_13,33,6.6,24,1.40263999999999
n_050_u_1000_10,50,10,37,3.4555
n_029_u_580_12,29,5.8,25,1.01802
n_012_u_240_12,12,2.4,10,0.187580000000016
n_040_u_800_10,40,8,32,2.17252
n_038_u_760_13,38,7.6,30,1.71221999999998
n_039_u_780_13,39,7.8,31,1.74350000000002
n_018_u_360_15,18,3.6,14,0.455999999999986
n_034_u_680_12,34,6.8,25,1.26236000000001
n_005_u_100_15,5,1,4,0.033299999999981
n_007_u_140_12,7,1.4,7,0.0784600000000136
n_006_u_120_15,6,1.2,6,0.0470200000000114
n_035_u_700_10,35,7,24,1.48848000000002
n_039_u_780_11,39,7.8,32,1.97646000000001
n_034_u_680_11,34,6.8,25,1.42173999999999
n_006_u_120_13,6,1.2,6,0.055219999999972
n_018_u_360_14,18,3.6,14,0.441779999999998
n_035_u_700_12,35,7,26,1.34274000000001
n_034_u_680_13,34,6.8,28,1.44843999999997
n_031_u_620_14,31,6.2,22,1.16887999999999
n_017_u_340_12,17,3.4,14,0.40166000000001
n_039_u_780_12,39,7.8,33,1.84382000000001
n_041_u_819_10,41,8.2,32,1.95482
n_006_u_120_14,6,1.2,5,0.0491800000000148
n_018_u_360_16,18,3.6,16,0.390659999999988
n_029_u_580_11,29,5.8,23,1.15198
n_044_u_880_11,44,8.8,37,2.37938000000002
n_008_u_160_12,8,1.6,8,0.0861799999999858
n_026_u_520_13,26,5.2,24,0.739019999999982
n_019_u_380_16,19,3.8,17,0.450980000000018
n_035_u_700_11,35,7,28,1.45042000000001
n_020_u_400_13,20,4,17,0.543919999999998
n_011_u_220_13,11,2.2,9,0.135980000000018
n_030_u_600_12,30,6,26,1.06215999999997
n_025_u_500_13,25,5,23,0.720440000000016
n_030_u_600_11,30,6,28,1.02957999999999
n_036_u_720_10,36,7.2,28,1.59509999999998
n_019_u_380_14,19,3.8,14,0.51372000000003
n_044_u_880_13,44,8.8,34,2.28559999999998
n_047_u_940_10,47,9.4,40,2.64866000000002
n_019_u_380_15,19,3.8,16,0.434520000000012
n_044_u_880_12,44,8.8,35,2.36376
n_040_u_800_13,40,8,32,1.91034
n_040_u_800_11,40,8,32,2.01578000000002
n_007_u_140_15,7,1.4,6,0.0695000000000072
n_011_u_220_15,11,2.2,11,0.164739999999983
n_007_u_140_13,7,1.4,8,0.0766200000000026
n_021_u_420_13,21,4.2,19,0.497220000000016
n_032_u_640_14,32,6.4,30,1.26434000000001
n_036_u_720_12,36,7.2,26,1.42423999999999
n_011_u_220_14,11,2.2,12,0.160280000000021
n_035_u_700_13,35,7,30,1.4657
n_045_u_900_13,45,9,33,2.45153999999998
n_014_u_280_12,14,2.8,12,0.228760000000002
n_041_u_819_11,41,8.2,30,1.94148000000001
n_045_u_900_11,45,9,36,2.54798000000002
n_050_u_1000_11,50,10,38,2.82261999999998
n_045_u_900_12,45,9,37,2.33457999999998
n_031_u_620_16,31,6.2,28,1.13888000000003
n_008_u_160_13,8,1.6,7,0.0835800000000018
n_036_u_720_13,36,7.2,31,1.51116000000002
n_040_u_800_12,40,8,35,2.23397999999998
n_048_u_960_10,48,9.6,36,2.72383999999998
n_012_u_240_15,12,2.4,12,0.190260000000017
n_007_u_140_14,7,1.4,6,0.0664600000000064
n_012_u_240_13,12,2.4,10,0.182259999999987
n_037_u_740_14,37,7.4,29,1.47725999999999
n_012_u_240_14,12,2.4,12,0.169599999999991
n_024_u_480_14,24,4.8,21,0.73242000000002
n_045_u_900_14,45,9,36,2.32403999999998
n_043_u_860_10,43,8.6,36,2.1318
n_036_u_720_11,36,7.2,31,1.47874
n_044_u_880_14,44,8.8,36,2.57422000000002
n_046_u_920_11,46,9.2,36,2.51626
n_020_u_400_16,20,4,18,0.469700000000012
n_020_u_400_14,20,4,19,0.480279999999984
n_031_u_620_15,31,6.2,25,1.1975
n_010_u_200_12,10,2,7,0.122219999999979
n_017_u_340_13,17,3.4,14,0.35619999999999
n_012_u_240_16,12,2.4,8,0.178060000000005
n_031_u_620_17,31,6.2,26,1.08376
n_011_u_220_16,11,2.2,10,0.138539999999994
n_030_u_600_13,30,6,22,1.20232
n_015_u_300_12,15,3,14,0.290920000000006
n_013_u_260_13,13,2.6,11,0.159480000000003
n_041_u_819_13,41,8.2,33,1.88139999999999
n_032_u_640_17,32,6.4,26,1.15040000000001
n_021_u_420_14,21,4.2,16,0.508199999999998
n_024_u_480_16,24,4.8,24,0.719880000000012
n_041_u_819_12,41,8.2,35,2.20869999999998
n_008_u_160_15,8,1.6,7,0.0848600000000078
n_049_u_980_10,49,9.8,37,2.67437999999998
n_008_u_160_14,8,1.6,7,0.091140000000014
n_020_u_400_15,20,4,17,0.542900000000008
n_042_u_840_10,42,8.4,35,2.27638
n_024_u_480_15,24,4.8,24,0.811080000000002
n_033_u_660_14,33,6.6,25,1.30065999999999
n_009_u_180_12,9,1.8,7,0.0917399999999906
n_046_u_920_13,46,9.2,38,2.47292000000002
n_027_u_540_13,27,5.4,23,0.881280000000006
n_046_u_920_12,46,9.2,35,2.33326
n_025_u_500_15,25,5,19,0.705
n_025_u_500_16,25,5,25,0.797220000000016
n_025_u_500_14,25,5,21,0.77007999999998
n_016_u_320_12,16,3.2,14,0.320980000000018
n_032_u_640_15,32,6.4,26,1.35472000000002
n_042_u_840_13,42,8.4,34,2.17761999999998
n_042_u_840_11,42,8.4,35,2.4484
n_043_u_860_11,43,8.6,37,2.22874
n_023_u_459_13,23,4.6,21,0.671399999999994
n_032_u_640_16,32,6.4,25,1.29119999999999
n_013_u_260_15,13,2.6,12,0.221779999999998
n_013_u_260_14,13,2.6,13,0.194799999999996
n_009_u_180_15,9,1.8,9,0.102719999999972
n_009_u_180_13,9,1.8,9,0.123300000000017
n_010_u_200_13,10,2,9,0.123940000000002
n_025_u_500_17,25,5,22,0.738639999999978
n_047_u_940_11,47,9.4,35,2.68388
n_039_u_780_14,39,7.8,29,1.77717999999997
n_024_u_480_17,24,4.8,22,0.775200000000004
n_026_u_520_14,26,5.2,22,0.761779999999998
n_006_u_120_16,6,1.2,5,0.0371800000000076
n_050_u_1000_12,50,10,44,3.11419999999998
n_021_u_420_16,21,4.2,20,0.607959999999984
n_021_u_420_15,21,4.2,17,0.532180000000008
n_038_u_760_14,38,7.6,28,1.69108
n_034_u_680_14,34,6.8,24,1.39808000000001
n_005_u_100_16,5,1,4,0.0366600000000108
n_050_u_1000_13,50,10,41,3.092
n_022_u_440_13,22,4.4,18,0.520419999999976
n_028_u_560_13,28,5.6,24,0.923220000000002
n_014_u_280_13,14,2.8,12,0.216679999999978
n_030_u_600_14,30,6,23,1.00967999999997
n_033_u_660_17,33,6.6,25,1.24513999999999
n_046_u_920_14,46,9.2,38,2.74594
n_047_u_940_13,47,9.4,36,2.63400000000002
n_017_u_340_14,17,3.4,13,0.337580000000016
n_044_u_880_15,44,8.8,32,2.37313999999998
n_019_u_380_17,19,3.8,14,0.377659999999996
n_033_u_660_15,33,6.6,23,1.26279999999999
n_042_u_840_12,42,8.4,32,2.27312000000002
n_050_u_1000_14,50,10,44,3.33186000000002
n_043_u_860_13,43,8.6,32,2.13797999999998
n_018_u_360_17,18,3.6,17,0.371680000000014
n_017_u_340_15,17,3.4,14,0.368739999999998
n_011_u_220_17,11,2.2,8,0.1275
n_022_u_440_16,22,4.4,18,0.63101999999999
n_013_u_260_16,13,2.6,12,0.185220000000008
n_009_u_180_14,9,1.8,8,0.122299999999996
n_010_u_200_15,10,2,10,0.125159999999996
n_014_u_280_15,14,2.8,12,0.229680000000008
n_023_u_459_14,23,4.6,19,0.643559999999998
n_048_u_960_13,48,9.6,37,2.60721999999998
n_022_u_440_14,22,4.4,17,0.672959999999984
n_026_u_520_15,26,5.2,22,0.721820000000006
n_047_u_940_12,47,9.4,35,2.72676
n_047_u_940_14,47,9.4,39,2.6039
n_048_u_960_11,48,9.6,37,2.77948
n_043_u_860_12,43,8.6,35,2.2275
n_026_u_520_16,26,5.2,21,0.79946
n_037_u_740_15,37,7.4,28,1.68044000000002
n_010_u_200_14,10,2,10,0.126059999999998
n_034_u_680_15,34,6.8,27,1.38486000000001
n_029_u_580_13,29,5.8,25,0.992840000000032
n_017_u_340_16,17,3.4,14,0.347719999999972
n_014_u_280_14,14,2.8,13,0.239960000000028
n_014_u_280_16,14,2.8,12,0.255139999999992
n_033_u_660_16,33,6.6,26,1.36923999999999
n_015_u_300_15,15,3,17,0.292459999999992
n_015_u_300_13,15,3,15,0.287920000000012
n_045_u_900_15,45,9,36,2.30664
n_027_u_540_14,27,5.4,21,0.863059999999968
n_022_u_440_15,22,4.4,17,0.622819999999992
n_037_u_740_17,37,7.4,33,1.78558000000001
n_048_u_960_12,48,9.6,38,2.93719999999998
n_044_u_880_17,44,8.8,40,2.33114000000002
n_012_u_240_17,12,2.4,11,0.197860000000001
n_037_u_740_16,37,7.4,32,1.68013999999999
n_024_u_480_18,24,4.8,22,0.729159999999974
n_023_u_459_16,23,4.6,20,0.680339999999996
n_049_u_980_11,49,9.8,40,2.88112
n_011_u_220_19,11,2.2,9,0.143279999999977
n_034_u_680_17,34,6.8,23,1.34545999999998
n_026_u_520_17,26,5.2,22,0.84464
n_049_u_980_13,49,9.8,38,2.69863999999998
n_023_u_459_15,23,4.6,19,0.67518
n_034_u_680_16,34,6.8,30,1.39797999999999
n_038_u_760_17,38,7.6,29,1.6907
n_015_u_300_14,15,3,14,0.27344000000001
n_038_u_760_16,38,7.6,29,1.73986000000001
n_005_u_100_19,5,1,4,0.032619999999988
n_005_u_100_18,5,1,5,0.0382200000000012
n_040_u_800_14,40,8,33,1.86464
n_030_u_600_15,30,6,26,1.15347999999998
n_030_u_600_16,30,6,24,1.05798000000003
n_027_u_540_16,27,5.4,25,0.992020000000012
n_007_u_140_16,7,1.4,10,0.0734400000000096
n_037_u_740_18,37,7.4,28,1.60938000000002
n_036_u_720_14,36,7.2,29,1.76045999999998
n_016_u_320_13,16,3.2,13,0.31637999999999
n_048_u_960_14,48,9.6,37,2.85212
n_044_u_880_18,44,8.8,33,2.39755999999998
n_045_u_900_18,45,9,35,2.25534
n_032_u_640_18,32,6.4,25,1.22802
n_038_u_760_18,38,7.6,28,1.68347999999998
n_031_u_620_18,31,6.2,23,1.17474000000002
n_038_u_760_15,38,7.6,31,1.90244000000002
n_005_u_100_20,5,1,6,0.0446199999999954
n_005_u_100_17,5,1,4,0.0335800000000018
n_016_u_320_15,16,3.2,13,0.304340000000012
n_043_u_860_14,43,8.6,37,2.48078000000002
n_027_u_540_15,27,5.4,21,0.866239999999998
n_035_u_700_14,35,7,25,1.62119999999999
n_011_u_220_20,11,2.2,10,0.155559999999969
n_049_u_980_14,49,9.8,39,2.90092
n_012_u_240_20,12,2.4,11,0.175200000000004
n_039_u_780_15,39,7.8,32,1.79239999999998
n_028_u_560_16,28,5.6,27,0.919480000000004
n_027_u_540_17,27,5.4,22,0.960340000000032
n_010_u_200_16,10,2,8,0.125299999999988
n_044_u_880_16,44,8.8,37,2.68996
n_006_u_120_17,6,1.2,5,0.0383399999999892
n_028_u_560_14,28,5.6,23,0.96554
n_030_u_600_17,30,6,25,1.08632000000001
n_015_u_300_16,15,3,15,0.279340000000012
n_018_u_360_19,18,3.6,16,0.390159999999996
n_018_u_360_20,18,3.6,14,0.421399999999994
n_050_u_1000_15,50,10,38,2.89378
n_035_u_700_17,35,7,28,1.36490000000002
n_025_u_500_18,25,5,21,0.768539999999994
n_049_u_980_12,49,9.8,37,2.90505999999998
n_011_u_220_18,11,2.2,9,0.152839999999997
n_018_u_360_21,18,3.6,13,0.361700000000018
n_020_u_400_17,20,4,17,0.454860000000008
n_024_u_480_20,24,4.8,20,0.737580000000016
n_018_u_360_18,18,3.6,13,0.388099999999976
n_016_u_320_16,16,3.2,15,0.329700000000012
n_036_u_720_15,36,7.2,29,1.53556
n_035_u_700_15,35,7,33,1.54921999999999
n_041_u_819_14,41,8.2,30,2.04052
n_045_u_900_17,45,9,35,2.36536
n_045_u_900_16,45,9,37,2.43796000000002
n_019_u_380_18,19,3.8,15,0.386700000000018
n_017_u_340_17,17,3.4,13,0.344859999999972
n_016_u_320_14,16,3.2,13,0.27696
n_008_u_160_16,8,1.6,7,0.066840000000011
n_046_u_920_15,46,9.2,37,2.69363999999998
n_028_u_560_15,28,5.6,21,0.92757999999998
n_012_u_240_19,12,2.4,11,0.17630000000001
n_012_u_240_18,12,2.4,10,0.162839999999997
n_039_u_780_16,39,7.8,31,1.81513999999999
n_024_u_480_21,24,4.8,17,0.66191999999999
n_039_u_780_17,39,7.8,34,1.80322
n_006_u_120_18,6,1.2,8,0.0563200000000142
n_013_u_260_17,13,2.6,11,0.189440000000031
n_047_u_940_15,47,9.4,38,2.4029
n_006_u_120_19,6,1.2,5,0.0409999999999854
n_025_u_500_21,25,5,22,0.724120000000002
n_043_u_860_15,43,8.6,32,2.33288
n_023_u_459_17,23,4.6,19,0.704799999999996
n_029_u_580_14,29,5.8,23,0.997519999999968
n_010_u_200_17,10,2,9,0.130200000000004
n_035_u_700_16,35,7,28,1.53060000000001
n_014_u_280_17,14,2.8,11,0.223139999999984
n_024_u_480_19,24,4.8,21,0.73054
n_036_u_720_17,36,7.2,28,1.50610000000001
n_028_u_560_17,28,5.6,23,0.894520000000012
n_029_u_580_16,29,5.8,23,1.08944
n_021_u_420_17,21,4.2,17,0.51796000000002
n_046_u_920_18,46,9.2,37,2.48310000000002
n_046_u_920_16,46,9.2,39,2.44065999999998
n_040_u_800_15,40,8,31,1.85095999999998
n_019_u_380_19,19,3.8,17,0.448320000000022
n_036_u_720_16,36,7.2,29,1.50732
n_037_u_740_19,37,7.4,30,1.70256000000001
n_007_u_140_17,7,1.4,5,0.058179999999993
n_042_u_840_14,42,8.4,37,2.25292000000002
n_031_u_620_21,31,6.2,24,1.13527999999998
n_013_u_260_20,13,2.6,10,0.202659999999996
n_019_u_380_20,19,3.8,20,0.541039999999994
n_031_u_620_20,31,6.2,26,1.16786
n_013_u_260_18,13,2.6,11,0.210459999999984
n_029_u_580_17,29,5.8,22,0.98778000000002
n_009_u_180_16,9,1.8,7,0.080119999999988
n_025_u_500_20,25,5,23,0.73862000000001
n_031_u_620_22,31,6.2,28,1.09682000000001
n_031_u_620_19,31,6.2,26,1.09201999999997
n_025_u_500_19,25,5,20,0.80586000000003
n_029_u_580_15,29,5.8,25,0.973539999999994
n_039_u_780_18,39,7.8,33,1.87454000000002
n_033_u_660_18,33,6.6,27,1.22922000000002
n_006_u_120_20,6,1.2,5,0.0381200000000172
n_026_u_520_18,26,5.2,21,0.822619999999988
n_023_u_459_18,23,4.6,19,0.642520000000004
n_030_u_600_18,30,6,25,1.12880000000001
n_046_u_920_17,46,9.2,37,2.54068000000002
n_032_u_640_19,32,6.4,24,1.22224000000002
n_020_u_400_18,20,4,18,0.530040000000008
n_047_u_940_16,47,9.4,37,2.73295999999998
n_040_u_800_17,40,8,31,1.93760000000002
n_027_u_540_18,27,5.4,22,0.81931999999997
n_007_u_140_19,7,1.4,5,0.051899999999987
n_050_u_1000_16,50,10,40,2.91434000000002
n_013_u_260_19,13,2.6,10,0.203139999999984
n_043_u_860_17,43,8.6,35,2.08627999999996
n_040_u_800_16,40,8,30,1.95073999999997
n_022_u_440_17,22,4.4,18,0.591939999999996
n_014_u_280_18,14,2.8,11,0.23094000000001
n_007_u_140_18,7,1.4,8,0.0726599999999962
n_043_u_860_16,43,8.6,36,2.22225999999998
n_037_u_740_21,37,7.4,32,1.69306
n_010_u_200_19,10,2,12,0.135819999999985
n_019_u_380_21,19,3.8,15,0.48101999999999
n_038_u_760_19,38,7.6,32,1.83268
n_026_u_520_21,26,5.2,21,0.776319999999978
n_026_u_520_19,26,5.2,22,0.750960000000014
n_005_u_100_21,5,1,4,0.035679999999993
n_040_u_800_18,40,8,34,2.04534
n_010_u_200_18,10,2,9,0.128019999999997
n_041_u_819_17,41,8.2,34,2.11488000000002
n_037_u_740_22,37,7.4,31,1.5048
n_007_u_140_20,7,1.4,7,0.0657800000000134
n_047_u_940_18,47,9.4,35,2.57007999999998
n_017_u_340_18,17,3.4,14,0.357839999999996
n_041_u_819_15,41,8.2,28,2.12256000000002
n_008_u_160_19,8,1.6,7,0.073859999999986
n_044_u_880_19,44,8.8,36,2.38081999999998
n_045_u_900_19,45,9,39,2.42108
n_020_u_400_20,20,4,16,0.476119999999974
n_008_u_160_17,8,1.6,6,0.0816799999999784
n_032_u_640_20,32,6.4,27,1.19225999999999
n_036_u_720_18,36,7.2,28,1.58317999999999
n_034_u_680_18,34,6.8,28,1.37302
n_043_u_860_18,43,8.6,37,2.2845
n_011_u_220_21,11,2.2,10,0.149939999999988
n_050_u_1000_18,50,10,39,3.00986
n_014_u_280_20,14,2.8,11,0.251700000000018
n_012_u_240_21,12,2.4,10,0.16905999999999
n_050_u_1000_17,50,10,38,3.02036
n_020_u_400_19,20,4,16,0.492880000000004
n_038_u_760_22,38,7.6,29,1.71162
n_018_u_360_22,18,3.6,16,0.400559999999968
n_032_u_640_21,32,6.4,26,1.21136000000002
n_047_u_940_17,47,9.4,36,2.83380000000002
n_005_u_100_24,5,1,5,0.0347999999999956
n_010_u_200_20,10,2,9,0.117820000000029
n_026_u_520_20,26,5.2,19,0.749700000000012
n_048_u_960_15,48,9.6,41,2.65420000000002
n_023_u_459_20,23,4.6,18,0.645900000000002
n_020_u_400_21,20,4,15,0.50474000000002
n_037_u_740_20,37,7.4,29,1.75946
n_023_u_459_19,23,4.6,20,0.62887999999999
n_014_u_280_19,14,2.8,15,0.240279999999984
n_017_u_340_20,17,3.4,14,0.359199999999982
n_050_u_1000_19,50,10,41,2.94504
n_017_u_340_19,17,3.4,13,0.325380000000004
n_041_u_819_18,41,8.2,31,1.78042000000001
n_049_u_980_15,49,9.8,41,2.96077999999998
n_041_u_819_16,41,8.2,35,2.213
n_027_u_540_19,27,5.4,21,0.873199999999998
n_021_u_420_20,21,4.2,17,0.598220000000002
n_021_u_420_18,21,4.2,17,0.526980000000004
n_008_u_160_20,8,1.6,8,0.0747200000000158
n_015_u_300_17,15,3,13,0.232820000000028
n_008_u_160_18,8,1.6,8,0.0910399999999936
n_018_u_360_25,18,3.6,18,0.433499999999986
n_033_u_660_19,33,6.6,25,1.28218000000001
n_024_u_480_22,24,4.8,16,0.664559999999984
n_042_u_840_15,42,8.4,37,2.25668000000002
n_017_u_340_21,17,3.4,14,0.324500000000008
n_038_u_760_21,38,7.6,33,1.75678
n_048_u_960_18,48,9.6,40,2.99061999999998
n_025_u_500_22,25,5,19,0.681579999999994
n_016_u_320_17,16,3.2,14,0.348899999999994
n_036_u_720_19,36,7.2,27,1.60560000000001
n_005_u_100_23,5,1,5,0.0363800000000264
n_042_u_840_17,42,8.4,32,2.14908
n_032_u_640_22,32,6.4,25,1.16209999999999
n_038_u_760_20,38,7.6,27,1.74992000000002
n_023_u_459_21,23,4.6,18,0.670899999999966
n_009_u_180_17,9,1.8,8,0.10905999999999
n_005_u_100_22,5,1,5,0.0307800000000134
n_049_u_980_16,49,9.8,35,2.88836
n_009_u_180_19,9,1.8,7,0.0817199999999866
n_030_u_600_19,30,6,23,1.03796000000002
n_027_u_540_21,27,5.4,19,0.836039999999994
n_048_u_960_16,48,9.6,39,2.9591
n_039_u_780_19,39,7.8,32,1.82650000000001
n_021_u_420_21,21,4.2,17,0.533820000000014
n_006_u_120_21,6,1.2,5,0.046939999999995
n_015_u_300_20,15,3,15,0.289679999999972
n_035_u_700_18,35,7,35,1.51521999999997
n_044_u_880_23,44,8.8,37,2.10424
n_021_u_420_19,21,4.2,17,0.574079999999994
n_042_u_840_18,42,8.4,30,2.16736
n_044_u_880_21,44,8.8,38,2.21864000000002
n_033_u_660_21,33,6.6,24,1.22757999999998
n_044_u_880_22,44,8.8,35,2.25492000000002
n_018_u_360_23,18,3.6,14,0.349000000000014
n_016_u_320_18,16,3.2,13,0.334300000000002
n_018_u_360_24,18,3.6,15,0.450620000000018
n_009_u_180_20,9,1.8,8,0.115220000000008
n_011_u_220_25,11,2.2,7,0.143019999999997
n_015_u_300_18,15,3,13,0.276319999999978
n_011_u_220_24,11,2.2,10,0.157340000000004
n_027_u_540_20,27,5.4,26,0.936180000000022
n_011_u_220_23,11,2.2,11,0.175140000000029
n_031_u_620_23,31,6.2,26,1.22860000000001
n_049_u_980_18,49,9.8,35,2.69658
n_033_u_660_20,33,6.6,26,1.28155999999999
n_042_u_840_16,42,8.4,35,2.28222000000002
n_040_u_800_19,40,8,30,1.99108
n_049_u_980_17,49,9.8,34,2.6061
n_022_u_440_20,22,4.4,16,0.54916000000001
n_022_u_440_18,22,4.4,18,0.608200000000034
n_007_u_140_21,7,1.4,6,0.0613000000000102
n_019_u_380_22,19,3.8,18,0.41923999999999
n_048_u_960_17,48,9.6,36,2.90254
n_028_u_560_18,28,5.6,23,0.962160000000004
n_030_u_600_20,30,6,30,1.05190000000002
n_046_u_920_19,46,9.2,33,2.33662
n_039_u_780_22,39,7.8,30,1.81528000000002
n_009_u_180_18,9,1.8,7,0.114619999999995
n_030_u_600_21,30,6,23,1.09610000000001
n_044_u_880_20,44,8.8,35,2.4925
n_006_u_120_24,6,1.2,7,0.0555199999999968
n_033_u_660_22,33,6.6,28,1.28793999999998
n_043_u_860_19,43,8.6,33,2.38002
n_016_u_320_20,16,3.2,12,0.293640000000014
n_039_u_780_20,39,7.8,32,1.9623
n_050_u_1000_20,50,10,42,2.83804
n_013_u_260_21,13,2.6,11,0.192079999999987
n_011_u_220_22,11,2.2,12,0.154340000000011
n_006_u_120_22,6,1.2,5,0.0417399999999906
n_031_u_620_26,31,6.2,28,1.11833999999999
n_015_u_300_19,15,3,11,0.23941999999999
n_016_u_320_19,16,3.2,12,0.320279999999984
n_030_u_600_22,30,6,26,0.99916000000001
n_010_u_200_21,10,2,7,0.133700000000026
n_045_u_900_20,45,9,34,2.46047999999998
n_029_u_580_18,29,5.8,22,1.02363999999998
n_022_u_440_21,22,4.4,18,0.580060000000012
n_034_u_680_21,34,6.8,25,1.41100000000002
n_020_u_400_22,20,4,18,0.481180000000022
n_012_u_240_22,12,2.4,10,0.141339999999982
n_036_u_720_20,36,7.2,29,1.55755999999998
n_034_u_680_19,34,6.8,28,1.46833999999999
n_024_u_480_26,24,4.8,22,0.692799999999988
n_036_u_720_21,36,7.2,33,1.69982
n_028_u_560_21,28,5.6,22,0.970220000000008
n_017_u_340_22,17,3.4,16,0.377659999999996
n_019_u_380_25,19,3.8,17,0.483839999999982
n_024_u_480_24,24,4.8,24,0.71380000000001
n_024_u_480_25,24,4.8,22,0.734019999999982
n_022_u_440_19,22,4.4,17,0.553580000000002
n_039_u_780_21,39,7.8,26,1.83074000000001
n_006_u_120_23,6,1.2,6,0.0465599999999904
n_019_u_380_23,19,3.8,17,0.459340000000012
n_028_u_560_19,28,5.6,22,0.941440000000002
n_037_u_740_23,37,7.4,29,1.51271999999997
n_029_u_580_19,29,5.8,21,1.0427
n_036_u_720_22,36,7.2,29,1.51902000000002
n_024_u_480_23,24,4.8,18,0.704399999999986
n_031_u_620_24,31,6.2,24,1.19856
n_031_u_620_25,31,6.2,24,1.17139999999999
n_040_u_800_20,40,8,32,1.97309999999998
n_023_u_459_22,23,4.6,19,0.689180000000014
n_034_u_680_22,34,6.8,27,1.40890000000003
n_026_u_520_22,26,5.2,23,0.78199999999997
n_038_u_760_23,38,7.6,32,1.71648000000001
n_007_u_140_22,7,1.4,6,0.060679999999993
n_005_u_100_25,5,1,6,0.0461000000000058
n_034_u_680_20,34,6.8,28,1.41332000000002
n_050_u_1000_22,50,10,40,2.90202000000002
n_047_u_940_19,47,9.4,38,2.52343999999998
n_045_u_900_21,45,9,40,2.57264
n_019_u_380_24,19,3.8,15,0.452740000000012
n_029_u_580_21,29,5.8,22,0.981359999999986
n_045_u_900_22,45,9,39,2.49524000000002
n_028_u_560_20,28,5.6,24,0.92474000000002
n_032_u_640_23,32,6.4,25,1.20794000000002
n_029_u_580_20,29,5.8,28,0.952439999999988
n_025_u_500_23,25,5,19,0.757639999999992
n_012_u_240_23,12,2.4,10,0.188240000000005
n_014_u_280_21,14,2.8,12,0.25441999999999
n_040_u_800_22,40,8,31,1.90306
n_012_u_240_24,12,2.4,12,0.188260000000009
n_050_u_1000_23,50,10,35,3.05508000000002
n_007_u_140_24,7,1.4,5,0.0565199999999822
n_035_u_700_19,35,7,29,1.49639999999999
n_020_u_400_23,20,4,18,0.45326000000001
n_017_u_340_24,17,3.4,15,0.421500000000014
n_018_u_360_26,18,3.6,15,0.45558000000001
n_035_u_700_21,35,7,28,1.57726000000002
n_043_u_860_20,43,8.6,32,2.12886000000002
n_049_u_980_19,49,9.8,39,3.1289
n_010_u_200_22,10,2,9,0.112800000000025
n_033_u_660_23,33,6.6,24,1.20387999999999
n_032_u_640_26,32,6.4,30,1.19422000000002
n_017_u_340_25,17,3.4,14,0.377180000000008
n_040_u_800_21,40,8,33,1.95493999999999
n_030_u_600_23,30,6,28,1.27092000000001
n_046_u_920_20,46,9.2,36,2.67358
n_045_u_900_23,45,9,35,2.49703999999998
n_020_u_400_25,20,4,17,0.454379999999982
n_035_u_700_22,35,7,31,1.50792000000001
n_007_u_140_23,7,1.4,7,0.0592799999999988
n_016_u_320_21,16,3.2,14,0.320499999999992
n_025_u_500_24,25,5,24,0.724500000000008
n_032_u_640_24,32,6.4,26,1.32634000000002
n_012_u_240_25,12,2.4,12,0.182560000000012
n_013_u_260_22,13,2.6,12,0.230440000000016
n_046_u_920_22,46,9.2,35,2.38988000000002
n_050_u_1000_21,50,10,37,3.18650000000002
n_049_u_980_20,49,9.8,36,2.77793999999998
n_037_u_740_26,37,7.4,31,1.51954000000002
n_035_u_700_20,35,7,27,1.55722000000002
n_025_u_500_25,25,5,24,0.80971999999998
n_037_u_740_27,37,7.4,31,1.68941999999999
n_043_u_860_22,43,8.6,36,2.1618
n_041_u_819_19,41,8.2,36,2.22219999999998
n_027_u_540_22,27,5.4,20,0.889400000000024
n_044_u_880_24,44,8.8,35,2.38148000000002
n_013_u_260_24,13,2.6,12,0.187639999999992
n_023_u_459_23,23,4.6,18,0.626260000000002
n_043_u_860_21,43,8.6,34,2.28758000000002
n_008_u_160_21,8,1.6,6,0.0707600000000094
n_032_u_640_25,32,6.4,25,1.19781999999999
n_046_u_920_21,46,9.2,35,2.42716
n_037_u_740_25,37,7.4,28,1.79724000000002
n_010_u_200_24,10,2,11,0.171540000000023
n_020_u_400_24,20,4,18,0.523240000000006
n_043_u_860_23,43,8.6,34,2.12186000000002
n_044_u_880_27,44,8.8,35,2.17503999999998
n_016_u_320_22,16,3.2,13,0.321179999999986
n_010_u_200_23,10,2,9,0.132180000000008
n_011_u_220_26,11,2.2,9,0.184039999999986
n_017_u_340_23,17,3.4,15,0.397659999999996
n_042_u_840_19,42,8.4,34,2.14322
n_048_u_960_19,48,9.6,39,2.88620000000002
n_010_u_200_25,10,2,10,0.135560000000005
n_013_u_260_23,13,2.6,11,0.197140000000036
n_011_u_220_29,11,2.2,10,0.163580000000002
n_009_u_180_21,9,1.8,8,0.103080000000009
n_036_u_720_23,36,7.2,28,1.62811999999998
n_046_u_920_23,46,9.2,41,2.47298000000002
n_041_u_819_22,41,8.2,33,2.07689999999998
n_037_u_740_24,37,7.4,30,1.70950000000001
n_030_u_600_25,30,6,27,1.19323999999997
n_008_u_160_24,8,1.6,7,0.0745999999999912
n_031_u_620_27,31,6.2,27,1.25057999999997
n_015_u_300_21,15,3,13,0.284000000000014
n_025_u_500_26,25,5,19,0.757020000000012
n_013_u_260_25,13,2.6,10,0.18887999999999
n_033_u_660_24,33,6.6,27,1.32294000000002
n_021_u_420_22,21,4.2,19,0.51362000000001
n_030_u_600_26,30,6,24,1.12185999999998
n_038_u_760_24,38,7.6,33,1.67212
n_041_u_819_20,41,8.2,31,2.17243999999998
n_026_u_520_23,26,5.2,22,0.852740000000012
n_005_u_100_26,5,1,6,0.0426200000000244
n_042_u_840_20,42,8.4,34,2.16392
n_047_u_940_22,47,9.4,34,2.57473999999998
n_008_u_160_22,8,1.6,8,0.0845799999999872
n_039_u_780_23,39,7.8,34,2.0027
n_006_u_120_25,6,1.2,5,0.0475800000000162
n_023_u_459_24,23,4.6,22,0.615879999999998
n_029_u_580_22,29,5.8,22,1.08133999999998
n_009_u_180_22,9,1.8,8,0.0984600000000136
n_026_u_520_25,26,5.2,22,0.821520000000018
n_023_u_459_25,23,4.6,18,0.726759999999994
n_024_u_480_27,24,4.8,20,0.675579999999972
n_047_u_940_20,47,9.4,37,2.66508000000002
n_022_u_440_22,22,4.4,21,0.580139999999992
n_021_u_420_25,21,4.2,20,0.522940000000016
n_014_u_280_24,14,2.8,14,0.246260000000002
n_033_u_660_26,33,6.6,28,1.42394
n_049_u_980_21,49,9.8,37,2.83766
n_041_u_819_21,41,8.2,36,2.14402000000002
n_023_u_459_26,23,4.6,19,0.78793999999998
n_044_u_880_25,44,8.8,38,2.39576
n_024_u_480_30,24,4.8,23,0.79181999999997
n_049_u_980_22,49,9.8,39,2.83990000000002
n_018_u_360_27,18,3.6,15,0.434340000000012
n_014_u_280_22,14,2.8,15,0.232479999999996
n_008_u_160_23,8,1.6,6,0.0688799999999902
n_029_u_580_23,29,5.8,26,0.97043999999998
n_042_u_840_21,42,8.4,37,2.17844
n_044_u_880_26,44,8.8,38,2.50475999999998
n_045_u_900_24,45,9,32,2.27174
n_011_u_220_27,11,2.2,11,0.149200000000019
n_009_u_180_23,9,1.8,6,0.0870000000000072
n_019_u_380_26,19,3.8,16,0.476519999999982
n_026_u_520_24,26,5.2,20,0.977259999999988
n_021_u_420_23,21,4.2,18,0.535879999999998
n_042_u_840_22,42,8.4,32,2.39736
n_026_u_520_26,26,5.2,22,0.748300000000018
n_047_u_940_23,47,9.4,41,2.59286
n_030_u_600_24,30,6,23,1.11402000000002
n_011_u_220_28,11,2.2,12,0.148659999999982
n_016_u_320_23,16,3.2,16,0.310779999999978
n_009_u_180_24,9,1.8,7,0.10482
n_016_u_320_24,16,3.2,15,0.30622000000003
n_022_u_440_23,22,4.4,17,0.625579999999972
n_012_u_240_26,12,2.4,12,0.237459999999992
n_038_u_760_25,38,7.6,30,1.72306
n_028_u_560_22,28,5.6,25,0.964200000000018
n_005_u_100_27,5,1,6,0.034539999999979
n_047_u_940_21,47,9.4,34,2.69464000000004
n_014_u_280_25,14,2.8,10,0.207819999999992
n_033_u_660_25,33,6.6,29,1.41556
n_049_u_980_23,49,9.8,38,2.95130000000002
n_038_u_760_26,38,7.6,33,1.67781999999999
n_036_u_720_24,36,7.2,28,1.55627999999997
n_005_u_100_28,5,1,4,0.0341400000000066
n_021_u_420_24,21,4.2,16,0.54558000000001
n_050_u_1000_24,50,10,41,3.20619999999998
n_027_u_540_25,27,5.4,23,0.78076000000001
n_014_u_280_23,14,2.8,12,0.268559999999998
n_040_u_800_23,40,8,30,1.80078000000001
n_022_u_440_24,22,4.4,19,0.594959999999992
n_046_u_920_24,46,9.2,36,2.42620000000002
n_007_u_140_25,7,1.4,5,0.0577800000000206
n_016_u_320_25,16,3.2,15,0.27872000000003
n_018_u_360_28,18,3.6,17,0.390239999999976
n_027_u_540_23,27,5.4,24,0.825279999999984
n_043_u_860_24,43,8.6,34,2.3696
n_018_u_360_29,18,3.6,13,0.339559999999984
n_034_u_680_23,34,6.8,27,1.41292000000001
n_024_u_480_28,24,4.8,22,0.751779999999998
n_022_u_440_25,22,4.4,18,0.61482
n_024_u_480_29,24,4.8,20,0.697520000000004
n_013_u_260_26,13,2.6,15,0.234660000000004
n_048_u_960_22,48,9.6,36,2.79429999999996
n_017_u_340_26,17,3.4,14,0.38851999999999
n_045_u_900_27,45,9,37,2.59044000000002
n_010_u_200_26,10,2,10,0.147560000000012
n_025_u_500_27,25,5,19,0.672439999999988
n_048_u_960_23,48,9.6,38,2.62560000000002
n_036_u_720_26,36,7.2,25,1.41860000000001
n_034_u_680_26,34,6.8,26,1.31325999999997
n_012_u_240_29,12,2.4,12,0.197880000000005
n_036_u_720_25,36,7.2,31,1.50434000000001
n_038_u_760_27,38,7.6,31,1.77574000000001
n_020_u_400_26,20,4,18,0.479979999999996
n_015_u_300_24,15,3,13,0.232639999999992
n_031_u_620_28,31,6.2,25,1.20675999999999
n_005_u_100_29,5,1,4,0.0330799999999726
n_027_u_540_26,27,5.4,22,0.818459999999978
n_029_u_580_24,29,5.8,24,0.989140000000006
n_048_u_960_20,48,9.6,35,3.1555
n_029_u_580_25,29,5.8,25,0.990859999999994
n_039_u_780_24,39,7.8,33,1.78470000000001
n_015_u_300_25,15,3,11,0.243420000000006
n_006_u_120_26,6,1.2,5,0.0452399999999762
n_043_u_860_26,43,8.6,30,2.06392
n_035_u_700_23,35,7,27,1.59701999999997
n_037_u_740_28,37,7.4,31,1.67529999999999
n_039_u_780_26,39,7.8,34,1.71196
n_032_u_640_27,32,6.4,27,1.29545999999998
n_045_u_900_25,45,9,36,2.8232
n_036_u_720_27,36,7.2,30,1.51454000000002
n_006_u_120_28,6,1.2,6,0.0515999999999986
n_015_u_300_22,15,3,11,0.23905999999999
n_027_u_540_24,27,5.4,21,0.848780000000006
n_045_u_900_26,45,9,36,2.59988000000002
n_010_u_200_28,10,2,10,0.160059999999976
n_050_u_1000_28,50,10,41,2.75084000000002
n_023_u_459_27,23,4.6,17,0.600299999999988
n_034_u_680_24,34,6.8,31,1.4734
n_018_u_360_30,18,3.6,17,0.421899999999986
n_012_u_240_27,12,2.4,10,0.18862000000001
n_012_u_240_28,12,2.4,9,0.165380000000005
n_037_u_740_31,37,7.4,33,1.74077999999998
n_029_u_580_26,29,5.8,24,1.01853999999999
n_050_u_1000_26,50,10,40,2.76132000000002
n_035_u_700_24,35,7,28,1.48768
n_026_u_520_27,26,5.2,24,0.857779999999984
n_048_u_960_21,48,9.6,40,3.04490000000002
n_043_u_860_27,43,8.6,36,2.31239999999998
n_019_u_380_27,19,3.8,15,0.45982
n_042_u_840_23,42,8.4,32,2.17223999999998
n_017_u_340_30,17,3.4,15,0.310960000000014
n_044_u_880_28,44,8.8,38,2.47316000000002
n_031_u_620_29,31,6.2,24,1.09635999999999
n_050_u_1000_27,50,10,40,3.16314000000002
n_046_u_920_25,46,9.2,38,2.45811999999998
n_019_u_380_29,19,3.8,16,0.432019999999974
n_039_u_780_27,39,7.8,34,1.73202000000001
n_025_u_500_30,25,5,19,0.74018
n_010_u_200_29,10,2,8,0.11224000000002
n_034_u_680_25,34,6.8,28,1.3957
n_009_u_180_25,9,1.8,8,0.098199999999997
n_006_u_120_29,6,1.2,4,0.0490799999999944
n_011_u_220_30,11,2.2,9,0.135240000000013
n_031_u_620_30,31,6.2,26,1.18464
n_030_u_600_27,30,6,22,1.06674000000003
n_039_u_780_25,39,7.8,30,1.91894
n_015_u_300_23,15,3,11,0.26510000000002
n_028_u_560_25,28,5.6,24,0.879140000000006
n_042_u_840_24,42,8.4,30,2.07490000000002
n_049_u_980_24,49,9.8,39,2.86827999999998
n_013_u_260_27,13,2.6,12,0.208420000000006
n_006_u_120_27,6,1.2,5,0.0408799999999974
n_017_u_340_28,17,3.4,14,0.36619999999999
n_035_u_700_25,35,7,27,1.48028000000002
n_009_u_180_26,9,1.8,9,0.11768
n_023_u_459_29,23,4.6,18,0.668500000000022
n_017_u_340_29,17,3.4,16,0.38416000000001
n_035_u_700_26,35,7,29,1.39083999999999
n_028_u_560_26,28,5.6,22,0.954019999999982
n_046_u_920_27,46,9.2,35,2.40972000000002
n_019_u_380_30,19,3.8,15,0.373320000000022
n_041_u_819_23,41,8.2,38,1.97129999999997
n_037_u_740_29,37,7.4,28,1.49827999999998
n_050_u_1000_25,50,10,43,3.10266000000004
n_043_u_860_25,43,8.6,32,2.16514000000002
n_008_u_160_25,8,1.6,8,0.0797600000000238
n_016_u_320_26,16,3.2,13,0.323899999999994
n_025_u_500_29,25,5,21,0.744660000000004
n_025_u_500_28,25,5,23,0.8375
n_010_u_200_27,10,2,9,0.111000000000022
n_028_u_560_23,28,5.6,24,1.01058000000001
n_022_u_440_26,22,4.4,18,0.565799999999982
n_013_u_260_29,13,2.6,13,0.212839999999996
n_040_u_800_26,40,8,32,1.89446
n_023_u_459_30,23,4.6,19,0.605300000000024
n_019_u_380_28,19,3.8,16,0.44946
n_033_u_660_27,33,6.6,27,1.36477999999999
n_007_u_140_28,7,1.4,6,0.0569800000000032
n_037_u_740_30,37,7.4,32,1.72962
n_038_u_760_28,38,7.6,31,1.67644
n_017_u_340_27,17,3.4,15,0.360159999999996
n_005_u_100_30,5,1,5,0.0371999999999752
n_022_u_440_27,22,4.4,21,0.55648000000001
n_024_u_480_31,24,4.8,19,0.775220000000008
n_040_u_800_24,40,8,32,2.01148000000002
n_031_u_620_31,31,6.2,25,1.2
n_026_u_520_28,26,5.2,18,0.747520000000004
n_007_u_140_26,7,1.4,7,0.0728399999999966
n_028_u_560_24,28,5.6,24,0.84833999999999
n_030_u_600_31,30,6,23,1.08126
n_040_u_800_27,40,8,30,1.73344000000001
n_021_u_420_26,21,4.2,19,0.568739999999998
n_032_u_640_28,32,6.4,29,1.14941999999999
n_007_u_140_29,7,1.4,6,0.0720800000000236
n_032_u_640_30,32,6.4,26,1.13038
n_020_u_400_29,20,4,16,0.45536
n_030_u_600_29,30,6,23,0.948379999999998
n_018_u_360_31,18,3.6,15,0.354300000000002
n_046_u_920_26,46,9.2,36,2.73908000000004
n_023_u_459_28,23,4.6,19,0.679520000000012
n_042_u_840_25,42,8.4,37,1.98921999999999
n_049_u_980_25,49,9.8,39,2.75182
n_036_u_720_28,36,7.2,29,1.64540000000001
n_026_u_520_30,26,5.2,23,0.714519999999974
n_040_u_800_25,40,8,32,1.74218000000001
n_042_u_840_26,42,8.4,36,2.01692
n_007_u_140_27,7,1.4,5,0.0585800000000018
n_030_u_600_30,30,6,22,1.06599999999999
n_009_u_180_27,9,1.8,6,0.119839999999967
n_029_u_580_27,29,5.8,24,0.947380000000012
n_009_u_180_28,9,1.8,7,0.0791400000000066
n_032_u_640_31,32,6.4,25,1.07338
n_013_u_260_28,13,2.6,11,0.253940000000002
n_044_u_880_29,44,8.8,38,2.27072
n_020_u_400_27,20,4,19,0.583240000000006
n_020_u_400_30,20,4,17,0.489939999999988
n_047_u_940_24,47,9.4,40,2.72074
n_038_u_760_31,38,7.6,31,1.66804
n_016_u_320_27,16,3.2,17,0.36601999999999
n_011_u_220_31,11,2.2,9,0.142659999999996
n_005_u_100_33,5,1,4,0.0333199999999852
n_039_u_780_28,39,7.8,34,1.92322
n_020_u_400_28,20,4,17,0.457320000000036
n_036_u_720_30,36,7.2,30,1.56008000000002
n_030_u_600_28,30,6,26,1.04651999999998
n_006_u_120_30,6,1.2,6,0.0463000000000102
n_032_u_640_29,32,6.4,27,1.25329999999998
n_014_u_280_26,14,2.8,12,0.257559999999976
n_045_u_900_28,45,9,40,2.45278000000002
n_022_u_440_28,22,4.4,17,0.555400000000008
n_036_u_720_31,36,7.2,30,1.35362000000001
n_022_u_440_29,22,4.4,18,0.533500000000022
n_047_u_940_27,47,9.4,36,2.78158000000004
n_042_u_840_27,42,8.4,34,2.20538
n_048_u_960_24,48,9.6,35,2.59242000000002
n_018_u_360_34,18,3.6,16,0.38130000000001
n_009_u_180_29,9,1.8,8,0.104299999999967
n_035_u_700_27,35,7,27,1.5543
n_012_u_240_30,12,2.4,12,0.19905999999999
n_038_u_760_30,38,7.6,31,1.67925999999999
n_031_u_620_32,31,6.2,23,1.06323999999997
n_049_u_980_27,49,9.8,39,3.00698
n_005_u_100_32,5,1,4,0.0284400000000096
n_041_u_819_26,41,8.2,30,2.07468
n_044_u_880_30,44,8.8,34,2.28011999999998
n_049_u_980_26,49,9.8,40,3.00138
n_038_u_760_29,38,7.6,30,1.70531999999999
n_019_u_380_31,19,3.8,15,0.40887999999999
n_014_u_280_29,14,2.8,13,0.261900000000024
n_035_u_700_28,35,7,29,1.46616000000002
n_005_u_100_31,5,1,5,0.0408399999999892
n_008_u_160_28,8,1.6,7,0.0851599999999962
n_044_u_880_31,44,8.8,34,2.22330000000002
n_024_u_480_32,24,4.8,18,0.630479999999988
n_015_u_300_26,15,3,14,0.276200000000026
n_026_u_520_29,26,5.2,25,0.845640000000022
n_043_u_860_28,43,8.6,33,2.25376
n_033_u_660_30,33,6.6,25,1.24062000000002
n_011_u_220_32,11,2.2,9,0.152980000000025
n_034_u_680_27,34,6.8,27,1.3218
n_047_u_940_25,47,9.4,36,2.73099999999998
n_011_u_220_33,11,2.2,8,0.137380000000012
n_050_u_1000_29,50,10,38,3.00380000000002
n_041_u_819_27,41,8.2,33,2.10236
n_010_u_200_30,10,2,11,0.142700000000004
n_016_u_320_29,16,3.2,13,0.337059999999984
n_016_u_320_28,16,3.2,15,0.309219999999986
n_037_u_740_32,37,7.4,29,1.70926000000003
n_008_u_160_29,8,1.6,9,0.0952999999999884
n_049_u_980_28,49,9.8,36,3.06403999999998
n_047_u_940_26,47,9.4,37,2.59558
n_018_u_360_33,18,3.6,13,0.391939999999996
n_048_u_960_25,48,9.6,36,2.77646
n_014_u_280_27,14,2.8,12,0.243679999999986
n_039_u_780_29,39,7.8,29,1.7684
n_029_u_580_28,29,5.8,22,1.02937999999998
n_018_u_360_32,18,3.6,14,0.399259999999994
n_006_u_120_31,6,1.2,6,0.0531600000000254
n_027_u_540_27,27,5.4,20,0.852999999999992
n_014_u_280_28,14,2.8,10,0.207040000000016
n_036_u_720_29,36,7.2,27,1.57675999999999
n_022_u_440_30,22,4.4,20,0.689439999999996
n_021_u_420_29,21,4.2,16,0.523359999999994
n_033_u_660_28,33,6.6,27,1.28392
n_017_u_340_31,17,3.4,18,0.36826000000001
n_050_u_1000_32,50,10,41,3.0627
n_025_u_500_31,25,5,21,0.698760000000002
n_048_u_960_26,48,9.6,37,2.60439999999998
n_016_u_320_30,16,3.2,13,0.275479999999988
n_041_u_819_24,41,8.2,34,2.30986
n_015_u_300_27,15,3,14,0.265600000000014
n_033_u_660_31,33,6.6,26,1.34726000000002
n_041_u_819_25,41,8.2,29,1.95324000000001
n_008_u_160_26,8,1.6,6,0.0995999999999912
n_008_u_160_27,8,1.6,6,0.0700600000000122
n_033_u_660_29,33,6.6,29,1.23011999999999
n_024_u_480_33,24,4.8,19,0.716340000000018
n_023_u_459_31,23,4.6,20,0.611179999999986
n_021_u_420_30,21,4.2,20,0.542439999999988
n_039_u_780_31,39,7.8,30,1.81288
n_024_u_480_34,24,4.8,22,0.677140000000036
n_015_u_300_28,15,3,12,0.270159999999996
n_031_u_620_35,31,6.2,24,1.07324000000001
n_019_u_380_32,19,3.8,14,0.423940000000002
n_006_u_120_33,6,1.2,6,0.0534200000000056
n_028_u_560_27,28,5.6,23,0.874140000000006
n_027_u_540_30,27,5.4,20,0.986539999999986
n_017_u_340_34,17,3.4,15,0.413220000000002
n_048_u_960_27,48,9.6,39,2.94010000000002
n_044_u_880_32,44,8.8,33,2.38323999999996
n_043_u_860_32,43,8.6,33,2.29369999999998
n_035_u_700_29,35,7,26,1.34524000000001
n_045_u_900_31,45,9,37,2.21333999999998
n_043_u_860_30,43,8.6,32,2.19953999999998
n_046_u_920_28,46,9.2,36,2.74768
n_045_u_900_29,45,9,39,2.35805999999996
n_032_u_640_32,32,6.4,26,1.16304
n_010_u_200_34,10,2,7,0.121360000000022
n_035_u_700_30,35,7,30,1.44018
n_011_u_220_34,11,2.2,11,0.164619999999995
n_010_u_200_32,10,2,9,0.125040000000008
n_012_u_240_33,12,2.4,11,0.191679999999978
n_021_u_420_28,21,4.2,18,0.501080000000002
n_029_u_580_29,29,5.8,22,0.976179999999986
n_042_u_840_28,42,8.4,32,2.0948
n_050_u_1000_30,50,10,40,3.12734
n_021_u_420_27,21,4.2,21,0.577540000000008
n_027_u_540_28,27,5.4,21,0.893240000000006
n_015_u_300_29,15,3,13,0.300599999999976
n_013_u_260_30,13,2.6,12,0.215240000000012
n_019_u_380_34,19,3.8,16,0.41482
n_012_u_240_31,12,2.4,12,0.187000000000007
n_029_u_580_30,29,5.8,24,1.05738000000001
n_009_u_180_30,9,1.8,9,0.119440000000031
n_027_u_540_29,27,5.4,22,0.868099999999976
n_050_u_1000_31,50,10,41,3.01043999999998
n_031_u_620_34,31,6.2,24,1.18334000000003
n_031_u_620_33,31,6.2,27,1.14906000000003
n_028_u_560_28,28,5.6,21,0.947580000000016
n_045_u_900_32,45,9,32,2.39496
n_017_u_340_32,17,3.4,14,0.378220000000002
n_043_u_860_31,43,8.6,36,2.52562000000002
n_029_u_580_31,29,5.8,22,1.07394
n_037_u_740_33,37,7.4,25,1.62802
n_030_u_600_32,30,6,24,1.16200000000001
n_023_u_459_33,23,4.6,21,0.582620000000024
n_012_u_240_34,12,2.4,13,0.188860000000022
n_010_u_200_33,10,2,10,0.143460000000014
n_023_u_459_35,23,4.6,20,0.658940000000002
n_028_u_560_29,28,5.6,24,0.964500000000008
n_017_u_340_33,17,3.4,12,0.416779999999998
n_049_u_980_29,49,9.8,37,2.85268
n_039_u_780_30,39,7.8,32,1.84271999999997
n_024_u_480_35,24,4.8,19,0.730620000000018
n_034_u_680_30,34,6.8,26,1.36576000000001
n_022_u_440_31,22,4.4,17,0.569040000000022
n_006_u_120_32,6,1.2,6,0.0448600000000078
n_025_u_500_34,25,5,18,0.750279999999984
n_035_u_700_31,35,7,29,1.46166000000001
n_043_u_860_29,43,8.6,43,2.46428
n_045_u_900_30,45,9,36,2.44009999999998
n_025_u_500_32,25,5,20,0.724159999999974
n_030_u_600_35,30,6,26,1.07970000000001
n_026_u_520_31,26,5.2,20,0.771860000000016
n_016_u_320_31,16,3.2,13,0.26333999999999
n_010_u_200_31,10,2,9,0.135980000000018
n_044_u_880_33,44,8.8,37,2.24952000000002
n_012_u_240_32,12,2.4,8,0.160040000000008
n_034_u_680_31,34,6.8,28,1.39880000000001
n_038_u_760_32,38,7.6,29,1.72933999999997
n_011_u_220_35,11,2.2,9,0.139680000000008
n_032_u_640_33,32,6.4,27,1.44688000000002
n_028_u_560_30,28,5.6,22,1.03516
n_005_u_100_34,5,1,6,0.0405599999999686
n_019_u_380_33,19,3.8,17,0.407059999999984
n_037_u_740_35,37,7.4,31,1.51778000000002
n_040_u_800_28,40,8,34,1.97072
n_025_u_500_35,25,5,20,0.715
n_032_u_640_35,32,6.4,25,1.17541999999998
n_036_u_720_32,36,7.2,30,1.65993999999999
n_007_u_140_30,7,1.4,6,0.0659200000000056
n_023_u_459_34,23,4.6,22,0.723300000000018
n_046_u_920_31,46,9.2,35,2.47236
n_042_u_840_29,42,8.4,34,2.20791999999998
n_034_u_680_29,34,6.8,28,1.38064000000002
n_049_u_980_32,49,9.8,35,2.93493999999998
n_048_u_960_28,48,9.6,38,2.77158
n_037_u_740_34,37,7.4,30,1.81968000000001
n_030_u_600_33,30,6,26,1.05575999999997
n_009_u_180_31,9,1.8,9,0.09507999999998
n_047_u_940_28,47,9.4,36,2.62086
n_018_u_360_35,18,3.6,15,0.415879999999998
n_013_u_260_33,13,2.6,11,0.217279999999992
n_023_u_459_32,23,4.6,16,0.61586000000003
n_049_u_980_31,49,9.8,39,3.23888000000002
n_048_u_960_29,48,9.6,39,2.79356000000004
n_041_u_819_28,41,8.2,33,1.92608
n_008_u_160_30,8,1.6,7,0.0736200000000098
n_015_u_300_30,15,3,13,0.30036
n_014_u_280_30,14,2.8,11,0.21203999999998
n_040_u_800_31,40,8,35,1.94649999999998
n_025_u_500_33,25,5,28,0.760099999999984
n_034_u_680_28,34,6.8,30,1.69256000000001
n_020_u_400_31,20,4,18,0.47464
n_016_u_320_34,16,3.2,13,0.37377999999997
n_007_u_140_33,7,1.4,6,0.064220000000023
n_024_u_480_36,24,4.8,18,0.693020000000034
n_046_u_920_29,46,9.2,35,2.46006000000002
n_030_u_600_34,30,6,27,1.18786
n_040_u_800_30,40,8,32,1.69147999999997
n_015_u_300_31,15,3,13,0.29196
n_016_u_320_33,16,3.2,13,0.334340000000012
n_029_u_580_32,29,5.8,25,1.00898000000001
n_046_u_920_32,46,9.2,37,2.50424
n_044_u_880_36,44,8.8,37,2.30119999999998
n_007_u_140_32,7,1.4,7,0.0693600000000152
n_040_u_800_29,40,8,32,1.93358
n_013_u_260_31,13,2.6,10,0.21446
n_022_u_440_32,22,4.4,21,0.545980000000018
n_007_u_140_31,7,1.4,6,0.0613199999999778
n_036_u_720_36,36,7.2,29,1.49612000000001
n_011_u_220_38,11,2.2,9,0.147359999999971
n_046_u_920_30,46,9.2,40,2.53688000000002
n_013_u_260_34,13,2.6,12,0.22525999999998
n_049_u_980_30,49,9.8,40,2.87944
n_042_u_840_30,42,8.4,40,2.16624
n_021_u_420_31,21,4.2,16,0.504000000000014
n_050_u_1000_33,50,10,45,3.17903999999998
n_032_u_640_34,32,6.4,27,1.13399999999998
n_020_u_400_34,20,4,16,0.490279999999984
n_036_u_720_34,36,7.2,28,1.72508000000002
n_042_u_840_31,42,8.4,33,2.17812000000002
n_009_u_180_32,9,1.8,8,0.0991599999999744
n_013_u_260_32,13,2.6,11,0.200879999999998
n_035_u_700_32,35,7,27,1.60506000000001
n_041_u_819_29,41,8.2,33,1.97880000000001
n_045_u_900_33,45,9,37,2.42552
n_026_u_520_34,26,5.2,23,0.819699999999976
n_009_u_180_33,9,1.8,8,0.0990400000000228
n_038_u_760_35,38,7.6,27,1.64850000000002
n_008_u_160_31,8,1.6,7,0.0860399999999936
n_005_u_100_37,5,1,4,0.0286800000000222
n_020_u_400_33,20,4,18,0.496419999999998
n_012_u_240_35,12,2.4,9,0.15101999999999
n_016_u_320_32,16,3.2,15,0.319300000000002
n_038_u_760_33,38,7.6,30,1.70331999999999
n_020_u_400_32,20,4,18,0.487259999999988
n_048_u_960_30,48,9.6,40,2.73786
n_044_u_880_35,44,8.8,33,2.25446
n_005_u_100_35,5,1,4,0.0291599999999744
n_048_u_960_31,48,9.6,37,2.63838
n_027_u_540_31,27,5.4,22,0.860739999999968
n_017_u_340_35,17,3.4,15,0.349159999999974
n_041_u_819_30,41,8.2,34,2.01167999999998
n_043_u_860_33,43,8.6,31,2.10036
n_037_u_740_36,37,7.4,31,1.95522000000001
n_031_u_620_36,31,6.2,26,1.10712000000003
n_028_u_560_31,28,5.6,22,0.94148000000001
n_039_u_780_32,39,7.8,30,1.81364000000001
n_008_u_160_32,8,1.6,6,0.0819599999999992
n_011_u_220_37,11,2.2,9,0.147959999999985
n_042_u_840_32,42,8.4,32,2.25868000000002
n_010_u_200_35,10,2,9,0.112999999999993
n_006_u_120_34,6,1.2,5,0.0528199999999924
n_044_u_880_34,44,8.8,39,2.41232
n_024_u_480_39,24,4.8,19,0.668999999999978
n_026_u_520_32,26,5.2,19,0.769360000000016
n_009_u_180_34,9,1.8,8,0.102959999999985
n_015_u_300_32,15,3,12,0.265679999999994
n_018_u_360_38,18,3.6,15,0.390519999999996
n_022_u_440_33,22,4.4,19,0.543120000000018
n_015_u_300_33,15,3,13,0.274620000000032
n_028_u_560_32,28,5.6,23,0.995
n_038_u_760_36,38,7.6,30,1.61049999999999
n_011_u_220_36,11,2.2,8,0.139200000000019
n_005_u_100_38,5,1,5,0.0323400000000038
n_021_u_420_32,21,4.2,16,0.494020000000018
n_029_u_580_34,29,5.8,23,1.01786
n_018_u_360_36,18,3.6,16,0.376840000000012
n_029_u_580_35,29,5.8,24,1.16304
n_026_u_520_35,26,5.2,24,0.773719999999994
n_022_u_440_34,22,4.4,19,0.57507999999998
n_036_u_720_35,36,7.2,31,1.66791999999998
n_026_u_520_33,26,5.2,21,0.764860000000008
n_033_u_660_32,33,6.6,23,1.30728000000003
n_036_u_720_33,36,7.2,28,1.53652000000002
n_041_u_819_31,41,8.2,37,2.00380000000002
n_025_u_500_36,25,5,18,0.644599999999992
n_043_u_860_36,43,8.6,34,2.29922000000002
n_019_u_380_35,19,3.8,17,0.438379999999998
n_008_u_160_33,8,1.6,8,0.0812199999999938
n_021_u_420_33,21,4.2,18,0.528379999999998
n_010_u_200_38,10,2,9,0.126660000000011
n_050_u_1000_34,50,10,38,2.8464
n_018_u_360_39,18,3.6,15,0.394399999999986
n_037_u_740_37,37,7.4,28,1.52619999999999
n_038_u_760_34,38,7.6,32,1.60494000000002
n_023_u_459_36,23,4.6,18,0.638159999999988
n_005_u_100_36,5,1,4,0.0277800000000206
n_022_u_440_35,22,4.4,19,0.569339999999974
n_045_u_900_34,45,9,35,2.30936000000002
n_047_u_940_31,47,9.4,35,2.72850000000002
n_024_u_480_38,24,4.8,19,0.744279999999998
n_029_u_580_33,29,5.8,22,0.953739999999998
n_035_u_700_33,35,7,28,1.4652
n_030_u_600_36,30,6,26,0.94601999999999
n_024_u_480_37,24,4.8,18,0.67474000000002
n_033_u_660_35,33,6.6,28,1.31268
n_034_u_680_32,34,6.8,29,1.39259999999998
n_012_u_240_36,12,2.4,10,0.175039999999972
n_048_u_960_32,48,9.6,39,2.83036
n_017_u_340_36,17,3.4,14,0.328820000000014
n_014_u_280_33,14,2.8,12,0.22869999999999
n_043_u_860_34,43,8.6,33,2.18630000000002
n_028_u_560_34,28,5.6,23,0.839679999999972
n_045_u_900_36,45,9,36,2.42894
n_018_u_360_37,18,3.6,15,0.363680000000022
n_021_u_420_34,21,4.2,17,0.529079999999994
n_028_u_560_33,28,5.6,24,0.945200000000004
n_010_u_200_36,10,2,9,0.131219999999994
n_031_u_620_39,31,6.2,26,1.03599999999999
n_012_u_240_38,12,2.4,10,0.163139999999985
n_015_u_300_34,15,3,16,0.299700000000012
n_023_u_459_39,23,4.6,19,0.642340000000004
n_031_u_620_37,31,6.2,28,1.02044000000002
n_047_u_940_30,47,9.4,37,2.55712
n_033_u_660_33,33,6.6,30,1.44402000000002
n_033_u_660_34,33,6.6,32,1.57726000000002
n_047_u_940_32,47,9.4,39,3.06440000000002
n_050_u_1000_36,50,10,40,3.01352000000002
n_043_u_860_35,43,8.6,32,2.35738000000002
n_049_u_980_33,49,9.8,39,2.91828000000002
n_034_u_680_33,34,6.8,28,1.28173999999999
n_014_u_280_32,14,2.8,12,0.270299999999988
n_039_u_780_35,39,7.8,33,1.86475999999999
n_035_u_700_34,35,7,30,1.42894
n_006_u_120_37,6,1.2,5,0.0501800000000002
n_010_u_200_37,10,2,9,0.125680000000029
n_014_u_280_34,14,2.8,10,0.234099999999998
n_037_u_740_40,37,7.4,32,1.56702000000001
n_042_u_840_33,42,8.4,34,2.43408
n_025_u_500_37,25,5,20,0.764240000000028
n_031_u_620_40,31,6.2,23,1.09384000000002
n_032_u_640_36,32,6.4,28,1.23657999999999
n_040_u_800_32,40,8,31,1.85256000000001
n_023_u_459_37,23,4.6,20,0.663459999999978
n_009_u_180_35,9,1.8,10,0.123180000000029
n_007_u_140_34,7,1.4,7,0.0656400000000212
n_016_u_320_35,16,3.2,15,0.3075
n_025_u_500_39,25,5,19,0.642559999999976
n_039_u_780_33,39,7.8,32,1.72216
n_017_u_340_38,17,3.4,12,0.38101999999999
n_035_u_700_35,35,7,28,1.58790000000001
n_006_u_120_35,6,1.2,6,0.053199999999997
n_027_u_540_34,27,5.4,23,0.937419999999984
n_045_u_900_35,45,9,33,2.32991999999998
n_030_u_600_37,30,6,25,0.999760000000024
n_050_u_1000_35,50,10,39,3.21086
n_034_u_680_34,34,6.8,29,1.46349999999999
n_019_u_380_38,19,3.8,17,0.420339999999996
n_047_u_940_29,47,9.4,39,2.97243999999998
n_012_u_240_37,12,2.4,8,0.156959999999999
n_041_u_819_33,41,8.2,32,1.89984
n_039_u_780_34,39,7.8,31,1.72067999999999
n_039_u_780_36,39,7.8,32,1.86240000000002
n_031_u_620_38,31,6.2,25,1.08223999999998
n_041_u_819_32,41,8.2,33,2.17612
n_006_u_120_36,6,1.2,7,0.053979999999974
n_006_u_120_38,6,1.2,6,0.0443399999999746
n_008_u_160_35,8,1.6,9,0.095600000000013
n_035_u_700_36,35,7,29,1.50312000000002
n_008_u_160_34,8,1.6,7,0.0749599999999918
n_038_u_760_37,38,7.6,32,1.76795999999998
n_036_u_720_37,36,7.2,30,1.54966
n_023_u_459_38,23,4.6,19,0.60808000000001
n_005_u_100_39,5,1,6,0.0445999999999912
n_028_u_560_35,28,5.6,25,1.04768
n_020_u_400_35,20,4,16,0.470740000000006
n_042_u_840_35,42,8.4,34,2.03686000000002
n_017_u_340_37,17,3.4,13,0.341440000000002
n_014_u_280_31,14,2.8,12,0.241840000000012
n_044_u_880_37,44,8.8,37,2.3236
n_019_u_380_36,19,3.8,15,0.458820000000014
n_042_u_840_36,42,8.4,34,2.10937999999998
n_009_u_180_37,9,1.8,8,0.0997600000000238
n_022_u_440_36,22,4.4,19,0.604360000000016
n_037_u_740_39,37,7.4,29,1.64932000000001
n_027_u_540_33,27,5.4,21,0.87036
n_011_u_220_39,11,2.2,10,0.152539999999972
n_009_u_180_38,9,1.8,9,0.100740000000005
n_049_u_980_35,49,9.8,37,2.88454000000002
n_049_u_980_37,49,9.8,36,3.09328000000002
n_027_u_540_35,27,5.4,24,0.865699999999998
n_034_u_680_35,34,6.8,26,1.46204000000002
n_048_u_960_33,48,9.6,38,2.92914
n_019_u_380_39,19,3.8,15,0.418280000000014
n_019_u_380_37,19,3.8,14,0.435819999999986
n_037_u_740_38,37,7.4,29,1.71046000000002
n_018_u_360_40,18,3.6,16,0.423639999999978
n_021_u_420_36,21,4.2,18,0.513539999999994
n_021_u_420_35,21,4.2,19,0.548100000000014
n_016_u_320_37,16,3.2,13,0.316659999999974
n_016_u_320_39,16,3.2,12,0.321179999999986
n_029_u_580_36,29,5.8,23,1.01727999999999
n_025_u_500_38,25,5,19,0.778780000000006
n_042_u_840_34,42,8.4,34,2.0666
n_036_u_720_40,36,7.2,28,1.6418
n_046_u_920_33,46,9.2,36,2.51487999999998
n_015_u_300_35,15,3,12,0.343559999999998
n_041_u_819_35,41,8.2,31,1.94188000000002
n_009_u_180_36,9,1.8,7,0.0944800000000032
n_022_u_440_38,22,4.4,19,0.598439999999974
n_043_u_860_37,43,8.6,36,2.16376
n_008_u_160_37,8,1.6,7,0.0862199999999938
n_022_u_440_39,22,4.4,19,0.564700000000012
n_030_u_600_39,30,6,27,1.19387999999999
n_050_u_1000_37,50,10,36,3.09974000000002
n_027_u_540_32,27,5.4,20,0.795400000000008
n_024_u_480_40,24,4.8,23,0.644000000000014
n_013_u_260_35,13,2.6,11,0.191239999999998
n_010_u_200_39,10,2,10,0.117400000000016
n_041_u_819_34,41,8.2,32,2.12214
n_049_u_980_34,49,9.8,37,2.80558
n_032_u_640_39,32,6.4,27,1.20869999999999
n_049_u_980_36,49,9.8,39,2.96948
n_008_u_160_36,8,1.6,8,0.0899199999999838
n_036_u_720_38,36,7.2,27,1.59166000000001
n_044_u_880_40,44,8.8,32,2.20615999999998
n_047_u_940_33,47,9.4,36,2.47393999999996
n_038_u_760_38,38,7.6,30,1.72560000000001
n_017_u_340_39,17,3.4,15,0.360600000000014
n_030_u_600_38,30,6,25,1.14531999999999
n_005_u_100_40,5,1,4,0.0384800000000178
n_016_u_320_36,16,3.2,13,0.234399999999986
n_046_u_920_36,46,9.2,37,2.56964
n_011_u_220_42,11,2.2,10,0.127540000000008
n_022_u_440_37,22,4.4,20,0.578679999999986
n_016_u_320_38,16,3.2,16,0.289099999999998
n_032_u_640_37,32,6.4,31,1.23559999999998
n_033_u_660_36,33,6.6,26,1.30655999999999
n_014_u_280_35,14,2.8,12,0.211520000000018
n_050_u_1000_38,50,10,38,2.99806
n_021_u_420_38,21,4.2,16,0.60956000000002
n_048_u_960_34,48,9.6,36,2.83926
n_013_u_260_38,13,2.6,10,0.207739999999976
n_044_u_880_38,44,8.8,34,2.40970000000002
n_036_u_720_39,36,7.2,28,1.48799999999999
n_040_u_800_35,40,8,29,1.83726000000002
n_023_u_459_40,23,4.6,19,0.621340000000018
n_029_u_580_38,29,5.8,24,0.967900000000008
n_032_u_640_40,32,6.4,27,1.18975999999999
n_026_u_520_36,26,5.2,20,0.701939999999996
n_007_u_140_37,7,1.4,7,0.0577999999999884
n_021_u_420_37,21,4.2,16,0.52706000000002
n_046_u_920_35,46,9.2,36,2.48559999999998
n_035_u_700_37,35,7,31,1.42984
n_011_u_220_40,11,2.2,12,0.159519999999975
n_018_u_360_41,18,3.6,18,0.407540000000008
n_031_u_620_41,31,6.2,24,1.18254000000001
n_038_u_760_40,38,7.6,31,2.06094
n_032_u_640_38,32,6.4,27,1.29402000000002
n_029_u_580_40,29,5.8,21,1.09871999999999
n_046_u_920_34,46,9.2,40,2.60813999999998
n_005_u_100_42,5,1,4,0.0351800000000002
n_028_u_560_36,28,5.6,25,1.00776000000002
n_044_u_880_41,44,8.8,35,2.26974000000002
n_015_u_300_36,15,3,14,0.328179999999994
n_013_u_260_37,13,2.6,13,0.189079999999994
n_017_u_340_40,17,3.4,13,0.384900000000016
n_043_u_860_38,43,8.6,32,2.10216
n_045_u_900_37,45,9,35,2.3357
n_013_u_260_36,13,2.6,12,0.174600000000028
n_034_u_680_37,34,6.8,30,1.39527999999998
n_034_u_680_36,34,6.8,25,1.37223999999998
n_011_u_220_43,11,2.2,11,0.154759999999987
n_047_u_940_34,47,9.4,39,2.64046000000002
n_010_u_200_40,10,2,9,0.127239999999983
n_024_u_480_43,24,4.8,22,0.711680000000014
n_012_u_240_39,12,2.4,10,0.179919999999984
n_041_u_819_36,41,8.2,33,1.96878000000001
n_020_u_400_38,20,4,15,0.512040000000016
n_008_u_160_38,8,1.6,8,0.0764400000000024
n_040_u_800_34,40,8,32,1.95394
n_035_u_700_39,35,7,29,1.39108
n_047_u_940_35,47,9.4,39,2.4054
n_018_u_360_43,18,3.6,15,0.486380000000026
n_044_u_880_39,44,8.8,39,2.27394
n_014_u_280_36,14,2.8,14,0.2575
n_027_u_540_36,27,5.4,24,0.815959999999978
n_040_u_800_36,40,8,30,1.93472000000002
n_007_u_140_36,7,1.4,7,0.0741800000000148
n_030_u_600_40,30,6,25,1.04101999999999
n_048_u_960_36,48,9.6,39,2.59698
n_024_u_480_41,24,4.8,22,0.634519999999974
n_050_u_1000_41,50,10,40,2.84308
n_029_u_580_39,29,5.8,24,0.958500000000022
n_007_u_140_38,7,1.4,6,0.0667599999999948
n_029_u_580_37,29,5.8,22,1.06353999999999
n_011_u_220_41,11,2.2,8,0.122620000000024
n_026_u_520_39,26,5.2,23,0.862000000000008
n_035_u_700_40,35,7,35,1.51154000000002
n_048_u_960_35,48,9.6,36,3.03462
n_014_u_280_37,14,2.8,13,0.22594000000001
n_037_u_740_41,37,7.4,27,1.57380000000001
n_015_u_300_38,15,3,11,0.245840000000026
n_038_u_760_39,38,7.6,34,1.88982
n_005_u_100_41,5,1,4,0.0409600000000136
n_023_u_459_41,23,4.6,19,0.629159999999974
n_042_u_840_37,42,8.4,32,1.98396000000001
n_017_u_340_43,17,3.4,14,0.348100000000014
n_021_u_420_39,21,4.2,19,0.522099999999992
n_028_u_560_37,28,5.6,24,0.889320000000006
n_048_u_960_37,48,9.6,39,2.70176
n_026_u_520_37,26,5.2,22,0.80594000000001
n_009_u_180_39,9,1.8,8,0.112020000000011
n_020_u_400_37,20,4,13,0.485060000000012
n_026_u_520_38,26,5.2,22,0.916840000000012
n_015_u_300_37,15,3,14,0.31630000000001
n_025_u_500_40,25,5,21,0.696920000000028
n_024_u_480_44,24,4.8,20,0.816759999999994
n_031_u_620_42,31,6.2,26,1.17741999999998
n_034_u_680_39,34,6.8,27,1.39444
n_030_u_600_41,30,6,24,1.01672000000002
n_035_u_700_38,35,7,29,1.53119999999999
n_020_u_400_39,20,4,17,0.559019999999982
n_049_u_980_38,49,9.8,43,2.85374
n_024_u_480_42,24,4.8,19,0.593719999999994
n_040_u_800_33,40,8,32,2.05004
n_007_u_140_35,7,1.4,7,0.0685800000000018
n_015_u_300_39,15,3,16,0.319799999999996
n_050_u_1000_40,50,10,34,2.80678
n_018_u_360_42,18,3.6,14,0.436939999999996
n_027_u_540_37,27,5.4,21,0.848580000000002
n_034_u_680_38,34,6.8,26,1.47184000000001
n_043_u_860_40,43,8.6,32,2.23674
n_047_u_940_36,47,9.4,41,2.79074
n_036_u_720_41,36,7.2,27,1.60778000000002
n_016_u_320_40,16,3.2,13,0.303919999999998
n_010_u_200_42,10,2,7,0.115699999999997
n_039_u_780_37,39,7.8,28,1.68474000000002
n_006_u_120_39,6,1.2,6,0.0485000000000218
n_014_u_280_38,14,2.8,12,0.23304
n_033_u_660_39,33,6.6,25,1.2282
n_027_u_540_38,27,5.4,24,0.939219999999986
n_022_u_440_40,22,4.4,19,0.642160000000004
n_017_u_340_42,17,3.4,14,0.36333999999999
n_050_u_1000_39,50,10,39,2.98894
n_031_u_620_44,31,6.2,24,1.18599999999999
n_028_u_560_39,28,5.6,24,0.934660000000004
n_043_u_860_39,43,8.6,34,2.25640000000004
n_020_u_400_36,20,4,19,0.502779999999984
n_045_u_900_40,45,9,33,2.53978
n_037_u_740_44,37,7.4,26,1.55286
n_010_u_200_41,10,2,10,0.113859999999986
n_042_u_840_39,42,8.4,35,2.09574
n_030_u_600_44,30,6,25,1.04397999999997
n_041_u_819_37,41,8.2,30,2.0054
n_017_u_340_41,17,3.4,14,0.34518
n_012_u_240_42,12,2.4,10,0.180060000000012
n_019_u_380_40,19,3.8,17,0.421140000000014
n_028_u_560_38,28,5.6,24,1.03428
n_009_u_180_41,9,1.8,9,0.127880000000005
n_008_u_160_39,8,1.6,6,0.0888199999999778
n_046_u_920_37,46,9.2,37,2.4445
n_049_u_980_41,49,9.8,39,3.1596
n_023_u_459_43,23,4.6,19,0.645519999999996
n_045_u_900_38,45,9,37,2.49505999999998
n_037_u_740_42,37,7.4,30,1.61348000000002
n_045_u_900_41,45,9,33,2.35241999999998
n_034_u_680_40,34,6.8,28,1.33275999999998
n_044_u_880_42,44,8.8,35,2.2989
n_042_u_840_41,42,8.4,32,2.28279999999998
n_028_u_560_40,28,5.6,22,0.979619999999996
n_036_u_720_42,36,7.2,31,1.43966
n_013_u_260_39,13,2.6,11,0.220799999999982
n_040_u_800_37,40,8,32,1.83853999999999
n_012_u_240_40,12,2.4,14,0.178899999999994
n_033_u_660_38,33,6.6,28,1.35543999999998
n_009_u_180_43,9,1.8,8,0.0994000000000232
n_012_u_240_43,12,2.4,12,0.174619999999995
n_011_u_220_44,11,2.2,9,0.137739999999976
n_007_u_140_39,7,1.4,6,0.0739600000000064
n_039_u_780_40,39,7.8,31,1.81578000000001
n_027_u_540_39,27,5.4,20,0.835020000000004
n_029_u_580_41,29,5.8,24,0.99992000000002
n_016_u_320_43,16,3.2,15,0.35862000000001
n_006_u_120_42,6,1.2,6,0.0516200000000026
n_045_u_900_39,45,9,32,2.52532
n_023_u_459_42,23,4.6,20,0.61714
n_031_u_620_43,31,6.2,24,1.20173999999999
n_049_u_980_40,49,9.8,39,2.77764
n_033_u_660_40,33,6.6,28,1.45804
n_022_u_440_42,22,4.4,19,0.585159999999996
n_049_u_980_39,49,9.8,37,3.21534
n_021_u_420_40,21,4.2,16,0.569739999999984
n_012_u_240_41,12,2.4,9,0.18086000000003
n_048_u_960_38,48,9.6,38,2.81444000000004
n_042_u_840_38,42,8.4,30,2.13232
n_038_u_760_41,38,7.6,31,1.71332000000002
n_030_u_600_43,30,6,26,1.07794000000002
n_043_u_860_41,43,8.6,34,2.19606
n_005_u_100_43,5,1,5,0.038060000000005
n_042_u_840_40,42,8.4,34,2.19205999999998
n_047_u_940_38,47,9.4,33,2.62016
n_025_u_500_43,25,5,21,0.773600000000006
n_009_u_180_40,9,1.8,7,0.0958199999999852
n_039_u_780_38,39,7.8,35,1.8591
n_009_u_180_42,9,1.8,8,0.0947799999999916
n_037_u_740_43,37,7.4,30,1.67045999999998
n_006_u_120_40,6,1.2,4,0.047280000000028
n_010_u_200_43,10,2,9,0.144040000000023
n_019_u_380_43,19,3.8,17,0.42793999999998
n_037_u_740_45,37,7.4,29,1.89416000000001
n_016_u_320_42,16,3.2,14,0.350159999999996
n_022_u_440_44,22,4.4,19,0.56489999999998
n_041_u_819_38,41,8.2,32,1.98639999999999
n_020_u_400_40,20,4,18,0.548760000000002
n_008_u_160_40,8,1.6,6,0.0674399999999878
n_014_u_280_40,14,2.8,14,0.221860000000016
n_016_u_320_41,16,3.2,15,0.355900000000002
n_015_u_300_40,15,3,14,0.308539999999994
n_039_u_780_39,39,7.8,31,2.02545999999998
n_024_u_480_45,24,4.8,19,0.650080000000016
n_025_u_500_41,25,5,19,0.713060000000004
n_026_u_520_40,26,5.2,21,0.750339999999996
n_006_u_120_41,6,1.2,7,0.0562800000000062
n_030_u_600_42,30,6,26,1.0807
n_047_u_940_37,47,9.4,37,2.89171999999998
n_033_u_660_37,33,6.6,24,1.37694000000003
n_018_u_360_44,18,3.6,17,0.415660000000026
n_040_u_800_38,40,8,32,1.90712
n_035_u_700_41,35,7,30,1.60489999999998
n_019_u_380_41,19,3.8,16,0.379019999999982
n_048_u_960_40,48,9.6,38,2.8546
n_007_u_140_40,7,1.4,7,0.0708599999999934
n_032_u_640_41,32,6.4,26,1.28725999999999
n_025_u_500_44,25,5,20,0.941680000000014
n_022_u_440_41,22,4.4,20,0.556679999999978
n_048_u_960_41,48,9.6,36,2.77324
n_014_u_280_39,14,2.8,13,0.332000000000008
n_022_u_440_43,22,4.4,21,0.587599999999984
n_044_u_880_43,44,8.8,37,2.348
n_019_u_380_42,19,3.8,15,0.38054
n_025_u_500_42,25,5,21,0.844360000000016
n_021_u_420_41,21,4.2,18,0.53594000000001
n_043_u_860_42,43,8.6,35,2.43063999999998
n_029_u_580_44,29,5.8,27,1.10696
n_040_u_800_39,40,8,34,1.93580000000002
n_011_u_220_45,11,2.2,8,0.156160000000018
n_015_u_300_42,15,3,13,0.308559999999998
n_023_u_459_44,23,4.6,18,0.76188000000002
n_007_u_140_41,7,1.4,7,0.0752400000000126
n_036_u_720_44,36,7.2,27,1.53226000000002
n_010_u_200_44,10,2,8,0.130999999999985
n_041_u_819_40,41,8.2,37,1.99769999999997
n_015_u_300_43,15,3,12,0.34101999999999
n_008_u_160_42,8,1.6,6,0.0751599999999962
n_048_u_960_39,48,9.6,35,2.67272
n_047_u_940_40,47,9.4,36,2.71883999999998
n_020_u_400_41,20,4,19,0.541160000000018
n_027_u_540_41,27,5.4,23,0.873100000000014
n_044_u_880_45,44,8.8,36,2.2939
n_047_u_940_39,47,9.4,37,2.63888
n_036_u_720_43,36,7.2,28,1.54209999999999
n_028_u_560_41,28,5.6,22,1.0141
n_029_u_580_43,29,5.8,23,1.11206000000002
n_050_u_1000_42,50,10,41,3.31176
n_034_u_680_41,34,6.8,29,1.38925999999999
n_015_u_300_41,15,3,12,0.258659999999982
n_014_u_280_42,14,2.8,11,0.244480000000004
n_041_u_819_39,41,8.2,31,2.03466
n_029_u_580_42,29,5.8,25,1.06727999999999
n_011_u_220_47,11,2.2,10,0.148280000000013
n_035_u_700_43,35,7,27,1.48675999999999
n_032_u_640_44,32,6.4,29,1.23654000000002
n_043_u_860_45,43,8.6,36,2.19622
n_046_u_920_40,46,9.2,35,2.54690000000002
n_008_u_160_41,8,1.6,7,0.085659999999989
n_020_u_400_42,20,4,18,0.534099999999998
n_014_u_280_41,14,2.8,12,0.242020000000012
n_010_u_200_47,10,2,10,0.140980000000018
n_031_u_620_45,31,6.2,22,1.12550000000003
n_023_u_459_45,23,4.6,19,0.635459999999984
n_027_u_540_40,27,5.4,20,0.878480000000018
n_040_u_800_40,40,8,29,1.86824000000001
n_021_u_420_43,21,4.2,18,0.53510000000002
n_035_u_700_45,35,7,28,1.40114000000001
n_041_u_819_41,41,8.2,34,2.07412
n_024_u_480_46,24,4.8,18,0.739259999999994
n_013_u_260_42,13,2.6,11,0.19155999999999
n_033_u_660_41,33,6.6,27,1.42332000000002
n_007_u_140_42,7,1.4,6,0.0642199999999866
n_008_u_160_43,8,1.6,8,0.0689999999999782
n_017_u_340_44,17,3.4,13,0.365440000000016
n_049_u_980_42,49,9.8,40,3.02789999999998
n_032_u_640_42,32,6.4,31,1.25150000000001
n_028_u_560_43,28,5.6,23,0.943019999999996
n_042_u_840_42,42,8.4,33,2.09707999999998
n_038_u_760_44,38,7.6,29,1.8418
n_009_u_180_44,9,1.8,8,0.092599999999984
n_005_u_100_46,5,1,5,0.0414400000000024
n_021_u_420_42,21,4.2,17,0.519980000000032
n_028_u_560_44,28,5.6,23,0.955639999999984
n_037_u_740_46,37,7.4,30,1.68726000000002
n_050_u_1000_45,50,10,36,2.88311999999998
n_032_u_640_43,32,6.4,26,1.30894
n_038_u_760_42,38,7.6,29,1.75048000000003
n_016_u_320_44,16,3.2,14,0.343859999999986
n_043_u_860_44,43,8.6,32,2.07958000000002
n_024_u_480_48,24,4.8,21,0.714979999999996
n_005_u_100_44,5,1,5,0.035600000000013
n_035_u_700_42,35,7,29,1.45702000000001
n_020_u_400_43,20,4,18,0.478340000000026
n_046_u_920_39,46,9.2,37,2.52144
n_023_u_459_48,23,4.6,17,0.591699999999982
n_044_u_880_44,44,8.8,33,2.40758000000002
n_027_u_540_43,27,5.4,19,0.843400000000002
n_010_u_200_46,10,2,9,0.117619999999988
n_039_u_780_41,39,7.8,34,1.88274000000001
n_021_u_420_44,21,4.2,19,0.555060000000012
n_006_u_120_43,6,1.2,6,0.0486200000000098
n_047_u_940_41,47,9.4,37,2.7616
n_035_u_700_44,35,7,30,1.58274000000001
n_011_u_220_46,11,2.2,9,0.141880000000019
n_038_u_760_45,38,7.6,29,1.74844000000001
n_017_u_340_47,17,3.4,15,0.332239999999984
n_034_u_680_42,34,6.8,28,1.54103999999999
n_005_u_100_47,5,1,5,0.0345400000000154
n_028_u_560_42,28,5.6,22,1.03360000000001
n_026_u_520_43,26,5.2,21,0.750400000000008
n_018_u_360_47,18,3.6,15,0.430139999999992
n_027_u_540_42,27,5.4,23,0.870059999999976
n_013_u_260_41,13,2.6,13,0.241059999999998
n_033_u_660_42,33,6.6,25,1.29446
n_050_u_1000_43,50,10,41,2.99514
n_036_u_720_45,36,7.2,29,1.56712
n_018_u_360_45,18,3.6,16,0.391840000000012
n_014_u_280_43,14,2.8,12,0.22554
n_022_u_440_45,22,4.4,20,0.586980000000004
n_049_u_980_43,49,9.8,37,3.00455999999998
n_043_u_860_43,43,8.6,31,2.26591999999996
n_038_u_760_43,38,7.6,30,1.85356
n_005_u_100_45,5,1,4,0.031919999999991
n_033_u_660_43,33,6.6,27,1.25407999999999
n_046_u_920_41,46,9.2,34,2.85124
n_030_u_600_45,30,6,27,1.05702000000001
n_019_u_380_44,19,3.8,17,0.460659999999988
n_010_u_200_45,10,2,12,0.140680000000029
n_017_u_340_45,17,3.4,13,0.346399999999994
n_018_u_360_48,18,3.6,17,0.41344000000001
n_023_u_459_47,23,4.6,19,0.64214
n_046_u_920_38,46,9.2,35,2.45214
n_024_u_480_47,24,4.8,18,0.599720000000016
n_016_u_320_45,16,3.2,17,0.345979999999982
n_013_u_260_43,13,2.6,12,0.236280000000006
n_034_u_680_44,34,6.8,28,1.35505999999998
n_042_u_840_45,42,8.4,33,2.11757999999998
n_040_u_800_42,40,8,33,1.87209999999999
n_009_u_180_47,9,1.8,7,0.088839999999982
n_029_u_580_45,29,5.8,24,0.994120000000002
n_037_u_740_47,37,7.4,28,1.46371999999999
n_018_u_360_46,18,3.6,17,0.411359999999986
n_013_u_260_40,13,2.6,11,0.209300000000002
n_007_u_140_44,7,1.4,6,0.0604599999999846
n_050_u_1000_44,50,10,45,2.9825
n_045_u_900_42,45,9,36,2.55952000000002
n_026_u_520_42,26,5.2,24,0.817059999999984
n_048_u_960_42,48,9.6,36,2.695
n_036_u_720_46,36,7.2,31,1.66302
n_041_u_819_42,41,8.2,34,1.97866000000002
n_012_u_240_44,12,2.4,10,0.182979999999989
n_050_u_1000_46,50,10,41,3.14732
n_023_u_459_46,23,4.6,20,0.60536
n_008_u_160_44,8,1.6,8,0.0876000000000204
n_034_u_680_43,34,6.8,29,1.42563999999998
n_027_u_540_44,27,5.4,22,0.921239999999998
n_030_u_600_48,30,6,24,1.12011999999999
n_017_u_340_46,17,3.4,13,0.364900000000016
n_015_u_300_44,15,3,14,0.273159999999988
n_042_u_840_44,42,8.4,31,2.18261999999998
n_040_u_800_41,40,8,34,1.91672000000002
n_033_u_660_44,33,6.6,28,1.37579999999998
n_036_u_720_49,36,7.2,28,1.38944
n_049_u_980_45,49,9.8,35,2.62493999999998
n_007_u_140_43,7,1.4,6,0.0611000000000058
n_020_u_400_45,20,4,15,0.494179999999978
n_009_u_180_46,9,1.8,9,0.10851999999999
n_042_u_840_43,42,8.4,34,2.25914
n_031_u_620_48,31,6.2,23,1.25830000000002
n_022_u_440_48,22,4.4,16,0.599759999999988
n_017_u_340_48,17,3.4,15,0.30833999999999
n_031_u_620_46,31,6.2,27,1.20395999999997
n_034_u_680_45,34,6.8,24,1.46851999999999
n_009_u_180_45,9,1.8,10,0.107540000000008
n_045_u_900_45,45,9,35,2.38002
n_037_u_740_49,37,7.4,29,1.71518
n_026_u_520_44,26,5.2,21,0.884599999999992
n_026_u_520_41,26,5.2,22,0.753539999999994
n_016_u_320_47,16,3.2,13,0.301299999999974
n_041_u_819_44,41,8.2,31,2.03511999999998
n_031_u_620_49,31,6.2,22,1.10529999999999
n_030_u_600_46,30,6,27,1.14468000000001
n_008_u_160_46,8,1.6,7,0.0727999999999884
n_021_u_420_45,21,4.2,18,0.56630000000001
n_012_u_240_47,12,2.4,11,0.187440000000024
n_044_u_880_46,44,8.8,36,2.42978
n_032_u_640_45,32,6.4,29,1.27892000000003
n_029_u_580_46,29,5.8,23,1.12489999999998
n_035_u_700_46,35,7,31,1.55150000000001
n_020_u_400_44,20,4,19,0.56525999999998
n_025_u_500_45,25,5,19,0.82054
n_045_u_900_43,45,9,37,2.38096000000002
n_046_u_920_42,46,9.2,35,2.51446
n_048_u_960_44,48,9.6,37,2.76650000000002
n_031_u_620_47,31,6.2,23,1.08335999999999
n_049_u_980_44,49,9.8,38,2.87068
n_011_u_220_48,11,2.2,10,0.18239999999998
n_047_u_940_42,47,9.4,33,2.88302
n_022_u_440_47,22,4.4,20,0.603780000000006
n_041_u_819_45,41,8.2,36,2.27185999999998
n_040_u_800_44,40,8,33,2.04976000000002
n_039_u_780_44,39,7.8,30,1.86702000000001
n_022_u_440_46,22,4.4,21,0.560059999999976
n_006_u_120_46,6,1.2,6,0.0508200000000216
n_007_u_140_46,7,1.4,6,0.081359999999986
n_008_u_160_47,8,1.6,8,0.0869800000000032
n_012_u_240_45,12,2.4,12,0.176939999999995
n_048_u_960_46,48,9.6,42,2.73439999999998
n_013_u_260_44,13,2.6,12,0.204020000000018
n_041_u_819_43,41,8.2,33,1.99482
n_036_u_720_48,36,7.2,27,1.52610000000001
n_045_u_900_44,45,9,37,2.32503999999998
n_028_u_560_45,28,5.6,23,0.948060000000004
n_008_u_160_45,8,1.6,8,0.0778000000000248
n_021_u_420_47,21,4.2,18,0.523199999999998
n_015_u_300_46,15,3,13,0.321359999999986
n_014_u_280_44,14,2.8,13,0.279619999999996
n_040_u_800_43,40,8,33,2.10894
n_016_u_320_46,16,3.2,12,0.32036
n_012_u_240_46,12,2.4,10,0.144699999999975
n_037_u_740_48,37,7.4,28,1.65488000000001
n_007_u_140_45,7,1.4,8,0.0907400000000052
n_015_u_300_48,15,3,12,0.263939999999966
n_025_u_500_48,25,5,20,0.69528000000002
n_030_u_600_47,30,6,25,1.21545999999998
n_030_u_600_49,30,6,26,1.05309999999998
n_019_u_380_47,19,3.8,14,0.417799999999988
n_021_u_420_48,21,4.2,16,0.43304
n_029_u_580_48,29,5.8,26,0.960879999999998
n_033_u_660_46,33,6.6,26,1.26492000000002
n_048_u_960_43,48,9.6,36,2.76006000000002
n_036_u_720_47,36,7.2,27,1.51477999999999
n_020_u_400_47,20,4,16,0.57992000000002
n_043_u_860_46,43,8.6,33,2.15757999999998
n_047_u_940_43,47,9.4,37,2.61142
n_050_u_1000_47,50,10,43,2.9932
n_024_u_480_49,24,4.8,20,0.81101999999999
n_046_u_920_43,46,9.2,38,2.60274000000002
n_010_u_200_48,10,2,9,0.12869999999999
n_021_u_420_46,21,4.2,17,0.584979999999996
n_039_u_780_43,39,7.8,30,1.8275
n_046_u_920_44,46,9.2,38,2.33004
n_025_u_500_46,25,5,20,0.717059999999984
n_006_u_120_45,6,1.2,7,0.0515000000000146
n_020_u_400_46,20,4,19,0.552300000000032
n_026_u_520_45,26,5.2,21,0.77688000000002
n_042_u_840_46,42,8.4,34,2.07578000000002
n_015_u_300_45,15,3,12,0.301500000000014
n_040_u_800_45,40,8,33,1.7693
n_048_u_960_45,48,9.6,38,2.92552
n_014_u_280_45,14,2.8,11,0.26688000000002
n_034_u_680_46,34,6.8,24,1.29336000000003
n_013_u_260_45,13,2.6,14,0.22018
n_035_u_700_49,35,7,26,1.59577999999998
n_025_u_500_47,25,5,21,0.732099999999992
n_009_u_180_48,9,1.8,8,0.109560000000056
n_007_u_140_47,7,1.4,6,0.0609800000000542
n_013_u_260_46,13,2.6,12,0.233059999999968
n_049_u_980_46,49,9.8,38,2.87847999999998
n_017_u_340_49,17,3.4,15,0.374779999999956
n_027_u_540_45,27,5.4,19,0.91854000000003
n_028_u_560_47,28,5.6,25,0.95680000000004
n_019_u_380_46,19,3.8,17,0.421500000000014
n_033_u_660_45,33,6.6,26,1.40451999999997
n_015_u_300_47,15,3,13,0.310179999999964
n_028_u_560_49,28,5.6,19,0.942360000000044
n_039_u_780_42,39,7.8,30,1.70958000000002
n_029_u_580_47,29,5.8,23,1.09034
n_006_u_120_44,6,1.2,6,0.0461200000000098
n_023_u_459_49,23,4.6,20,0.615140000000028
n_016_u_320_48,16,3.2,16,0.30387999999999
n_047_u_940_45,47,9.4,37,2.70432
n_035_u_700_47,35,7,28,1.38212000000003
n_043_u_860_49,43,8.6,33,2.24261999999998
n_035_u_700_48,35,7,31,1.5018
n_020_u_400_48,20,4,16,0.473580000000002
n_039_u_780_45,39,7.8,31,1.91043999999998
n_006_u_120_47,6,1.2,6,0.050219999999972
n_032_u_640_48,32,6.4,27,1.11005999999998
n_022_u_440_49,22,4.4,21,0.602280000000028
n_044_u_880_49,44,8.8,37,2.24696000000004
n_014_u_280_47,14,2.8,15,0.252620000000024
n_034_u_680_48,34,6.8,29,1.47536
n_050_u_1000_48,50,10,42,2.85872
n_046_u_920_45,46,9.2,36,2.49598000000002
n_049_u_980_47,49,9.8,37,2.76492000000002
n_044_u_880_47,44,8.8,34,2.31343999999998
n_019_u_380_45,19,3.8,14,0.426319999999978
n_026_u_520_46,26,5.2,23,0.8175
n_038_u_760_46,38,7.6,31,1.93688000000002
n_044_u_880_50,44,8.8,36,2.21265999999996
n_005_u_100_48,5,1,6,0.0395799999999872
n_034_u_680_49,34,6.8,27,1.38044000000002
n_043_u_860_47,43,8.6,33,2.21628000000004
n_026_u_520_47,26,5.2,21,0.863199999999998
n_027_u_540_46,27,5.4,28,0.911500000000014
n_028_u_560_46,28,5.6,24,0.992779999999984
n_011_u_220_49,11,2.2,10,0.14622000000003
n_033_u_660_48,33,6.6,25,1.30119999999999
n_049_u_980_50,49,9.8,40,2.68741999999998
n_013_u_260_47,13,2.6,12,0.253759999999966
n_010_u_200_49,10,2,9,0.124279999999999
n_019_u_380_48,19,3.8,20,0.46760000000002
n_047_u_940_44,47,9.4,37,2.88755999999998
n_016_u_320_49,16,3.2,16,0.280659999999988
n_034_u_680_47,34,6.8,25,1.28944000000003
n_017_u_340_50,17,3.4,12,0.394259999999994
n_042_u_840_47,42,8.4,34,2.28150000000002
n_030_u_600_50,30,6,25,1.02381999999998
n_033_u_660_47,33,6.6,25,1.27519999999997
n_038_u_760_49,38,7.6,31,1.73726000000002
n_009_u_180_49,9,1.8,8,0.100200000000041
n_028_u_560_48,28,5.6,24,0.925260000000052
n_045_u_900_46,45,9,32,2.45176000000004
n_041_u_819_46,41,8.2,32,2.03543999999998
n_014_u_280_46,14,2.8,11,0.20561999999998
n_018_u_360_49,18,3.6,15,0.364939999999988
n_037_u_740_50,37,7.4,29,1.54797999999999
n_008_u_160_48,8,1.6,8,0.0788799999999902
n_044_u_880_48,44,8.8,35,2.41690000000002
n_047_u_940_46,47,9.4,39,2.92824
n_012_u_240_48,12,2.4,10,0.171119999999937
n_050_u_1000_50,50,10,37,2.85679999999996
n_011_u_220_50,11,2.2,8,0.121540000000023
n_029_u_580_49,29,5.8,24,1.05449999999997
n_032_u_640_47,32,6.4,24,1.20284
n_038_u_760_47,38,7.6,29,1.73262000000002
n_043_u_860_50,43,8.6,33,2.08972000000002
n_043_u_860_48,43,8.6,33,2.10384000000002
n_027_u_540_48,27,5.4,22,0.896200000000026
n_005_u_100_49,5,1,4,0.034979999999996
n_014_u_280_48,14,2.8,13,0.215939999999974
n_023_u_459_50,23,4.6,16,0.593600000000006
n_024_u_480_50,24,4.8,19,0.715579999999972
n_042_u_840_49,42,8.4,36,2.07028000000002
n_033_u_660_49,33,6.6,26,1.16932000000001
n_010_u_200_50,10,2,8,0.117459999999992
n_022_u_440_50,22,4.4,18,0.48939999999995
n_021_u_420_49,21,4.2,17,0.424079999999958
n_026_u_520_48,26,5.2,21,0.759660000000004
n_036_u_720_50,36,7.2,28,1.39458000000006
n_048_u_960_47,48,9.6,37,2.97976000000002
n_032_u_640_46,32,6.4,28,1.02375999999997
n_029_u_580_50,29,5.8,21,0.801840000000012
n_038_u_760_48,38,7.6,32,1.85627999999997
n_005_u_100_50,5,1,4,0.031800000000003
n_049_u_980_49,49,9.8,37,2.80010000000002
n_039_u_780_46,39,7.8,32,2.04262000000002
n_035_u_700_50,35,7,31,1.34324000000001
n_040_u_800_46,40,8,32,1.80807999999997
n_027_u_540_47,27,5.4,19,0.750639999999984
n_006_u_120_48,6,1.2,5,0.0453800000000046
n_018_u_360_50,18,3.6,17,0.413159999999988
n_007_u_140_48,7,1.4,7,0.0470999999999912
n_015_u_300_49,15,3,13,0.232980000000026
n_046_u_920_47,46,9.2,37,2.42622000000004
n_025_u_500_49,25,5,21,0.644800000000032
n_041_u_819_48,41,8.2,34,1.9032
n_032_u_640_49,32,6.4,28,1.08592000000004
n_008_u_160_50,8,1.6,8,0.0869399999999586
n_041_u_819_50,41,8.2,29,1.91878000000004
n_013_u_260_49,13,2.6,11,0.204019999999946
n_042_u_840_48,42,8.4,31,1.92852000000006
n_049_u_980_48,49,9.8,38,2.64502
n_050_u_1000_49,50,10,37,3.00872000000004
n_009_u_180_50,9,1.8,8,0.082960000000021
n_031_u_620_50,31,6.2,26,1.12703999999998
n_047_u_940_47,47,9.4,37,2.38827999999994
n_027_u_540_49,27,5.4,21,0.781359999999986
n_019_u_380_49,19,3.8,17,0.41515999999996
n_020_u_400_49,20,4,17,0.386759999999994
n_048_u_960_50,48,9.6,35,2.40470000000002
n_039_u_780_48,39,7.8,30,1.54301999999996
n_006_u_120_50,6,1.2,5,0.0321399999999994
n_039_u_780_47,39,7.8,33,1.66807999999997
n_006_u_120_49,6,1.2,6,0.0393800000000192
n_040_u_800_47,40,8,32,1.63887999999999
n_016_u_320_50,16,3.2,14,0.262819999999992
n_014_u_280_49,14,2.8,13,0.198719999999958
n_041_u_819_47,41,8.2,31,1.67574000000001
n_007_u_140_49,7,1.4,6,0.0571800000000076
n_046_u_920_46,46,9.2,33,2.32534
n_045_u_900_49,45,9,35,2.04400000000002
n_008_u_160_49,8,1.6,6,0.0719799999999668
n_028_u_560_50,28,5.6,23,0.7325
n_013_u_260_48,13,2.6,11,0.149479999999967
n_034_u_680_50,34,6.8,32,1.09797999999995
n_047_u_940_49,47,9.4,36,2.15304000000004
n_048_u_960_48,48,9.6,38,2.45830000000002
n_019_u_380_50,19,3.8,16,0.363159999999988
n_026_u_520_50,26,5.2,22,0.655060000000012
n_041_u_819_49,41,8.2,32,1.67446000000004
n_047_u_940_50,47,9.4,35,2.13616000000002
n_048_u_960_49,48,9.6,39,2.55901999999994
n_020_u_400_50,20,4,16,0.433480000000054
n_040_u_800_49,40,8,29,1.54132000000005
n_046_u_920_49,46,9.2,34,2.15874000000004
n_015_u_300_50,15,3,14,0.247799999999988
n_021_u_420_50,21,4.2,18,0.47010000000002
n_027_u_540_50,27,5.4,23,0.672819999999992
n_046_u_920_48,46,9.2,39,2.08883999999998
n_042_u_840_50,42,8.4,37,1.81084000000003
n_047_u_940_48,47,9.4,36,2.21585999999996
n_039_u_780_49,39,7.8,28,1.56563999999998
n_032_u_640_50,32,6.4,23,0.979000000000014
n_033_u_660_50,33,6.6,25,0.981140000000014
n_013_u_260_50,13,2.6,10,0.128799999999974
n_026_u_520_49,26,5.2,22,0.64576000000001
n_014_u_280_50,14,2.8,12,0.159939999999988
n_040_u_800_48,40,8,34,1.49555999999997
n_038_u_760_50,38,7.6,30,1.44082000000002
n_007_u_140_50,7,1.4,6,0.0394400000000314
n_045_u_900_48,45,9,33,2.04964
n_045_u_900_47,45,9,39,1.80693999999996
n_046_u_920_50,46,9.2,35,1.99972000000002
n_012_u_240_50,12,2.4,11,0.160360000000001
n_012_u_240_49,12,2.4,10,0.127439999999988
n_040_u_800_50,40,8,33,1.53852000000006
n_045_u_900_50,45,9,37,1.91449999999997
n_025_u_500_50,25,5,21,0.492119999999996
n_039_u_780_50,39,7.8,30,1.29858
