instance,n,u,procs,elapsed,passive
n_006_u_120_1,6,1.2,3,0.0389999999999999,5
n_005_u_100_1,5,1,3,0.0439999999999999,4
n_007_u_140_1,7,1.4,5,0.0449999999999999,6
n_009_u_180_1,9,1.8,5,0.0589999999999999,8
n_008_u_160_1,8,1.6,5,0.0589999999999999,7
n_010_u_200_1,10,2,6,0.0619999999999999,8
n_011_u_220_1,11,2.2,6,0.0669999999999999,9
n_013_u_260_1,13,2.6,8,0.084,9
n_012_u_240_1,12,2.4,7,0.086,10
n_005_u_100_2,5,1,3,0.043,4
n_014_u_280_1,14,2.8,8,0.101,11
n_006_u_120_2,6,1.2,4,0.048,5
n_015_u_300_1,15,3,9,0.106,11
n_017_u_340_1,17,3.4,9,0.105,13
n_016_u_320_1,16,3.2,9,0.106,13
n_008_u_160_2,8,1.6,5,0.055,6
n_019_u_380_2,19,3.8,10,0.0840000000000001,15
n_018_u_360_1,18,3.6,11,0.116,16
n_019_u_380_1,19,3.8,12,0.117,14
n_018_u_360_2,18,3.6,10,0.0870000000000001,15
n_009_u_180_2,9,1.8,5,0.0610000000000001,7
n_007_u_140_2,7,1.4,4,0.0640000000000001,6
n_020_u_400_1,20,4,9,0.13,16
n_020_u_400_2,20,4,10,0.0990000000000001,17
n_011_u_220_2,11,2.2,6,0.0700000000000001,10
n_010_u_200_2,10,2,5,0.079,8
n_012_u_240_2,12,2.4,6,0.076,10
n_021_u_420_2,21,4.2,12,0.099,18
n_021_u_420_1,21,4.2,11,0.148,17
n_013_u_260_2,13,2.6,6,0.087,10
n_015_u_300_2,15,3,9,0.09,10
n_014_u_280_2,14,2.8,8,0.094,11
n_023_u_459_1,23,4.6,11,0.166,19
n_022_u_440_2,22,4.4,14,0.123,17
n_016_u_320_2,16,3.2,9,0.099,13
n_024_u_480_1,24,4.8,14,0.165,20
n_022_u_440_1,22,4.4,13,0.172,19
n_018_u_360_3,18,3.6,11,0.081,13
n_019_u_380_3,19,3.8,10,0.0750000000000001,15
n_017_u_340_2,17,3.4,9,0.105,14
n_023_u_459_2,23,4.6,13,0.128,18
n_026_u_520_1,26,5.2,13,0.182,23
n_025_u_500_1,25,5,14,0.183,21
n_021_u_420_3,21,4.2,12,0.0810000000000001,17
n_024_u_480_2,24,4.8,13,0.136,18
n_020_u_400_3,20,4,10,0.0750000000000001,17
n_028_u_560_1,28,5.6,15,0.186,22
n_030_u_600_1,30,6,15,0.185,24
n_025_u_500_2,25,5,14,0.136,20
n_022_u_440_3,22,4.4,12,0.0959999999999999,17
n_029_u_580_1,29,5.8,16,0.205,27
n_026_u_520_2,26,5.2,13,0.152,22
n_027_u_540_2,27,5.4,14,0.137,23
n_031_u_620_1,31,6.2,16,0.221,25
n_027_u_540_1,27,5.4,13,0.234,21
n_034_u_680_1,34,6.8,17,0.225,30
n_023_u_459_3,23,4.6,12,0.113,19
n_025_u_500_3,25,5,13,0.117,20
n_028_u_560_2,28,5.6,16,0.155,23
n_036_u_720_1,36,7.2,18,0.242,30
n_029_u_580_2,29,5.8,18,0.166,25
n_033_u_660_1,33,6.6,18,0.254,26
n_032_u_640_1,32,6.4,18,0.261,24
n_032_u_640_2,32,6.4,16,0.165,25
n_030_u_600_2,30,6,16,0.182,25
n_024_u_480_3,24,4.8,13,0.152,18
n_038_u_760_1,38,7.6,20,0.259,32
n_005_u_100_3,5,1,3,0.00700000000000012,4
n_031_u_620_3,31,6.2,16,0.176,28
n_026_u_520_3,26,5.2,13,0.142,23
n_033_u_660_3,33,6.6,17,0.17,28
n_027_u_540_3,27,5.4,14,0.145,23
n_029_u_580_3,29,5.8,16,0.138,23
n_037_u_740_1,37,7.4,21,0.285,29
n_035_u_700_1,35,7,18,0.301,27
n_032_u_640_3,32,6.4,18,0.21,24
n_031_u_620_2,31,6.2,15,0.228,23
n_028_u_560_3,28,5.6,15,0.184,21
n_031_u_620_4,31,6.2,17,0.169,25
n_032_u_640_4,32,6.4,16,0.169,25
n_041_u_819_1,41,8.2,22,0.315,33
n_018_u_360_4,18,3.6,12,0.0529999999999999,15
n_034_u_680_2,34,6.8,16,0.197,27
n_034_u_680_3,34,6.8,18,0.2,29
n_033_u_660_2,33,6.6,15,0.218,28
n_030_u_600_3,30,6,16,0.171,23
n_008_u_160_3,8,1.6,4,0.016,7
n_035_u_700_2,35,7,18,0.195,30
n_033_u_660_4,33,6.6,17,0.181,26
n_042_u_840_1,42,8.4,20,0.351,35
n_039_u_780_1,39,7.8,20,0.357,30
n_040_u_800_1,40,8,21,0.358,29
n_006_u_120_3,6,1.2,4,0.0129999999999999,5
n_009_u_180_3,9,1.8,5,0.0189999999999999,8
n_037_u_740_2,37,7.4,19,0.232,28
n_007_u_140_3,7,1.4,4,0.0170000000000001,5
n_035_u_700_3,35,7,20,0.243,27
n_034_u_680_4,34,6.8,17,0.231,27
n_036_u_720_2,36,7.2,18,0.257,31
n_035_u_700_4,35,7,19,0.219,30
n_044_u_880_1,44,8.8,21,0.404,37
n_037_u_740_3,37,7.4,18,0.246,30
n_047_u_940_1,47,9.4,23,0.403,40
n_043_u_860_2,43,8.6,24,0.249,35
n_045_u_900_1,45,9,21,0.418,38
n_046_u_920_1,46,9.2,22,0.418,39
n_010_u_200_4,10,2,5,0.022,8
n_021_u_420_4,21,4.2,12,0.106,18
n_011_u_220_3,11,2.2,6,0.0349999999999999,9
n_038_u_760_2,38,7.6,18,0.286,33
n_020_u_400_4,20,4,11,0.0679999999999998,18
n_039_u_780_2,39,7.8,20,0.289,33
n_036_u_720_4,36,7.2,19,0.226,29
n_043_u_860_1,43,8.6,21,0.45,33
n_005_u_100_4,5,1,4,0.0089999999999999,4
n_036_u_720_3,36,7.2,19,0.305,28
n_019_u_380_4,19,3.8,9,0.091,16
n_014_u_280_3,14,2.8,9,0.0469999999999999,10
n_006_u_120_4,6,1.2,4,0.0130000000000001,5
n_031_u_620_5,31,6.2,15,0.146,24
n_012_u_240_3,12,2.4,7,0.042,9
n_013_u_260_3,13,2.6,7,0.0409999999999999,11
n_022_u_440_4,22,4.4,11,0.0980000000000001,19
n_010_u_200_3,10,2,6,0.0270000000000001,9
n_041_u_819_2,41,8.2,21,0.318,34
n_038_u_760_3,38,7.6,19,0.305,30
n_039_u_780_3,39,7.8,18,0.295,32
n_005_u_100_5,5,1,3,0.01,4
n_041_u_819_3,41,8.2,20,0.275,34
n_044_u_880_2,44,8.8,25,0.299,34
n_040_u_800_2,40,8,21,0.291,29
n_008_u_160_4,8,1.6,4,0.0189999999999999,7
n_049_u_980_1,49,9.8,24,0.492,37
n_006_u_120_5,6,1.2,4,0.0110000000000001,5
n_037_u_740_4,37,7.4,19,0.263,29
n_018_u_360_5,18,3.6,11,0.0660000000000001,12
n_008_u_160_5,8,1.6,5,0.022,8
n_038_u_760_4,38,7.6,20,0.3,30
n_007_u_140_4,7,1.4,5,0.02,5
n_011_u_220_4,11,2.2,6,0.0230000000000001,8
n_023_u_459_5,23,4.6,12,0.0910000000000002,18
n_050_u_1000_1,50,10,25,0.522,40
n_005_u_100_6,5,1,3,0.00900000000000012,4
n_040_u_800_3,40,8,21,0.335,33
n_042_u_840_4,42,8.4,20,0.266,35
n_048_u_960_1,48,9.6,24,0.534,38
n_019_u_380_5,19,3.8,10,0.0839999999999999,16
n_007_u_140_5,7,1.4,5,0.0129999999999999,5
n_039_u_780_4,39,7.8,20,0.289,33
n_042_u_840_3,42,8.4,21,0.318,31
n_042_u_840_2,42,8.4,26,0.372,34
n_009_u_180_6,9,1.8,6,0.0149999999999999,8
n_045_u_900_3,45,9,24,0.31,36
n_016_u_320_3,16,3.2,9,0.0559999999999998,14
n_024_u_480_4,24,4.8,13,0.119,20
n_006_u_120_6,6,1.2,4,0.0109999999999999,5
n_047_u_940_2,47,9.4,22,0.361,37
n_009_u_180_5,9,1.8,5,0.0250000000000001,7
n_018_u_360_6,18,3.6,11,0.083,14
n_009_u_180_4,9,1.8,5,0.0250000000000001,7
n_040_u_800_4,40,8,23,0.313,34
n_012_u_240_5,12,2.4,7,0.0329999999999999,9
n_015_u_300_3,15,3,8,0.05,12
n_017_u_340_3,17,3.4,10,0.0599999999999998,14
n_023_u_459_4,23,4.6,13,0.118,17
n_018_u_360_7,18,3.6,10,0.0649999999999999,15
n_007_u_140_6,7,1.4,4,0.014,6
n_046_u_920_2,46,9.2,21,0.37,37
n_043_u_860_3,43,8.6,21,0.358,31
n_019_u_380_6,19,3.8,11,0.102,14
n_024_u_480_5,24,4.8,11,0.085,19
n_044_u_880_5,44,8.8,20,0.303,38
n_025_u_500_4,25,5,14,0.149,20
n_021_u_420_5,21,4.2,11,0.114,19
n_027_u_540_4,27,5.4,13,0.16,21
n_020_u_400_5,20,4,10,0.097,16
n_045_u_900_2,45,9,25,0.378,38
n_026_u_520_4,26,5.2,13,0.158,20
n_050_u_1000_2,50,10,24,0.353,39
n_044_u_880_4,44,8.8,26,0.37,34
n_041_u_819_4,41,8.2,21,0.321,32
n_021_u_420_6,21,4.2,11,0.112,17
n_014_u_280_4,14,2.8,7,0.0590000000000002,12
n_022_u_440_7,22,4.4,12,0.075,16
n_019_u_380_7,19,3.8,11,0.0700000000000001,14
n_010_u_200_5,10,2,5,0.0250000000000001,8
n_011_u_220_7,11,2.2,7,0.026,8
n_013_u_260_4,13,2.6,8,0.0370000000000001,12
n_008_u_160_6,8,1.6,5,0.016,6
n_034_u_680_5,34,6.8,18,0.212,29
n_020_u_400_6,20,4,10,0.102,14
n_044_u_880_3,44,8.8,23,0.344,35
n_049_u_980_2,49,9.8,26,0.424,39
n_011_u_220_6,11,2.2,7,0.028,10
n_045_u_900_4,45,9,24,0.375,37
n_012_u_240_4,12,2.4,7,0.04,10
n_032_u_640_5,32,6.4,15,0.209,27
n_022_u_440_6,22,4.4,11,0.099,17
n_046_u_920_5,46,9.2,26,0.339,37
n_017_u_340_4,17,3.4,9,0.0509999999999999,14
n_033_u_660_5,33,6.6,19,0.24,24
n_048_u_960_2,48,9.6,25,0.401,38
n_022_u_440_5,22,4.4,11,0.106,18
n_025_u_500_6,25,5,11,0.0960000000000001,20
n_043_u_860_4,43,8.6,22,0.377,35
n_011_u_220_5,11,2.2,6,0.0359999999999998,8
n_012_u_240_6,12,2.4,8,0.0349999999999999,8
n_016_u_320_4,16,3.2,9,0.054,14
n_020_u_400_7,20,4,11,0.109,15
n_047_u_940_4,47,9.4,22,0.4,36
n_010_u_200_6,10,2,7,0.0249999999999999,8
n_029_u_580_4,29,5.8,15,0.158,24
n_048_u_960_3,48,9.6,24,0.387,39
n_013_u_260_7,13,2.6,7,0.0390000000000001,11
n_031_u_620_6,31,6.2,17,0.204,25
n_046_u_920_3,46,9.2,23,0.41,40
n_045_u_900_5,45,9,24,0.415,35
n_015_u_300_4,15,3,9,0.046,11
n_021_u_420_7,21,4.2,13,0.0880000000000001,17
n_046_u_920_4,46,9.2,24,0.471,37
n_036_u_720_6,36,7.2,20,0.21,28
n_035_u_700_5,35,7,21,0.272,27
n_031_u_620_7,31,6.2,17,0.17,26
n_044_u_880_6,44,8.8,23,0.3,32
n_014_u_280_6,14,2.8,8,0.0449999999999999,13
n_047_u_940_3,47,9.4,24,0.448,36
n_013_u_260_5,13,2.6,8,0.038,12
n_024_u_480_8,24,4.8,13,0.121,17
n_026_u_520_5,26,5.2,15,0.119,22
n_030_u_600_4,30,6,16,0.17,25
n_012_u_240_7,12,2.4,6,0.038,9
n_031_u_620_8,31,6.2,17,0.168,27
n_023_u_459_6,23,4.6,13,0.135,17
n_027_u_540_5,27,5.4,13,0.139,22
n_015_u_300_5,15,3,10,0.0530000000000002,12
n_032_u_640_6,32,6.4,16,0.235,24
n_013_u_260_6,13,2.6,6,0.042,11
n_048_u_960_4,48,9.6,24,0.402,39
n_024_u_480_7,24,4.8,14,0.12,17
n_011_u_220_8,11,2.2,5,0.0249999999999999,9
n_047_u_940_5,47,9.4,24,0.399,40
n_028_u_560_4,28,5.6,15,0.198,23
n_030_u_600_5,30,6,16,0.11,25
n_025_u_500_5,25,5,12,0.136,21
n_037_u_740_6,37,7.4,17,0.19,31
n_036_u_720_5,36,7.2,17,0.204,30
n_050_u_1000_4,50,10,28,0.404,41
n_014_u_280_5,14,2.8,9,0.0479999999999998,11
n_037_u_740_5,37,7.4,19,0.25,30
n_032_u_640_8,32,6.4,15,0.185,26
n_035_u_700_8,35,7,20,0.191,28
n_032_u_640_7,32,6.4,15,0.216,26
n_025_u_500_7,25,5,14,0.127,21
n_049_u_980_3,49,9.8,26,0.435,40
n_023_u_459_7,23,4.6,13,0.111,18
n_015_u_300_6,15,3,10,0.0509999999999999,11
n_024_u_480_6,24,4.8,14,0.142,18
n_014_u_280_7,14,2.8,8,0.05,11
n_026_u_520_8,26,5.2,15,0.126,21
n_048_u_960_5,48,9.6,24,0.45,38
n_050_u_1000_3,50,10,27,0.48,41
n_033_u_660_6,33,6.6,18,0.238,28
n_034_u_680_6,34,6.8,18,0.249,25
n_017_u_340_6,17,3.4,10,0.0580000000000001,14
n_025_u_500_8,25,5,13,0.11,21
n_049_u_980_5,49,9.8,27,0.433,40
n_024_u_480_9,24,4.8,11,0.0919999999999999,19
n_035_u_700_7,35,7,18,0.2,27
n_029_u_580_5,29,5.8,14,0.17,22
n_016_u_320_5,16,3.2,9,0.054,13
n_027_u_540_7,27,5.4,14,0.126,23
n_015_u_300_7,15,3,8,0.0410000000000001,13
n_026_u_520_6,26,5.2,14,0.137,20
n_034_u_680_7,34,6.8,17,0.27,28
n_038_u_760_5,38,7.6,20,0.29,28
n_033_u_660_7,33,6.6,19,0.256,24
n_028_u_560_6,28,5.6,14,0.136,24
n_028_u_560_5,28,5.6,15,0.176,21
n_005_u_100_7,5,1,4,0.00800000000000001,5
n_017_u_340_5,17,3.4,10,0.0640000000000001,13
n_035_u_700_6,35,7,19,0.226,28
n_049_u_980_4,49,9.8,24,0.464,43
n_026_u_520_7,26,5.2,13,0.139,21
n_039_u_780_5,39,7.8,19,0.31,32
n_033_u_660_8,33,6.6,18,0.222,27
n_016_u_320_7,16,3.2,8,0.0579999999999998,10
n_006_u_120_7,6,1.2,4,0.0110000000000001,5
n_034_u_680_8,34,6.8,16,0.224,28
n_050_u_1000_5,50,10,24,0.451,39
n_038_u_760_7,38,7.6,22,0.279,32
n_027_u_540_6,27,5.4,15,0.162,21
n_016_u_320_6,16,3.2,8,0.0580000000000001,14
n_005_u_100_9,5,1,3,0.01,4
n_018_u_360_8,18,3.6,10,0.0739999999999998,15
n_036_u_720_7,36,7.2,20,0.218,32
n_027_u_540_8,27,5.4,14,0.153,21
n_040_u_800_5,40,8,21,0.376,32
n_028_u_560_7,28,5.6,13,0.164,23
n_007_u_140_7,7,1.4,4,0.0149999999999999,6
n_047_u_940_6,47,9.4,26,0.366,39
n_017_u_340_7,17,3.4,9,0.052,14
n_019_u_380_8,19,3.8,10,0.0790000000000002,16
n_037_u_740_9,37,7.4,19,0.265,30
n_044_u_880_7,44,8.8,24,0.306,37
n_039_u_780_6,39,7.8,19,0.268,30
n_037_u_740_8,37,7.4,18,0.257,29
n_030_u_600_7,30,6,16,0.169,26
n_029_u_580_6,29,5.8,15,0.157,22
n_045_u_900_6,45,9,22,0.376,37
n_006_u_120_8,6,1.2,4,0.012,5
n_038_u_760_6,38,7.6,19,0.25,32
n_028_u_560_8,28,5.6,16,0.159,22
n_018_u_360_10,18,3.6,10,0.0799999999999998,14
n_014_u_280_8,14,2.8,7,0.0429999999999999,12
n_011_u_220_9,11,2.2,6,0.034,7
n_043_u_860_6,43,8.6,22,0.275,34
n_040_u_800_6,40,8,23,0.302,35
n_012_u_240_8,12,2.4,7,0.0309999999999999,10
n_042_u_840_5,42,8.4,23,0.358,32
n_046_u_920_6,46,9.2,26,0.402,36
n_038_u_760_8,38,7.6,19,0.262,32
n_010_u_200_8,10,2,6,0.022,9
n_030_u_600_6,30,6,16,0.175,27
n_007_u_140_8,7,1.4,4,0.014,6
n_049_u_980_7,49,9.8,26,0.356,39
n_037_u_740_10,37,7.4,20,0.216,29
n_029_u_580_8,29,5.8,15,0.158,24
n_036_u_720_8,36,7.2,21,0.265,29
n_005_u_100_10,5,1,4,0.00800000000000001,5
n_043_u_860_5,43,8.6,21,0.334,37
n_009_u_180_7,9,1.8,5,0.022,7
n_005_u_100_8,5,1,3,0.0539999999999998,4
n_020_u_400_8,20,4,11,0.0940000000000001,17
n_044_u_880_8,44,8.8,22,0.364,35
n_037_u_740_7,37,7.4,18,0.279,32
n_019_u_380_9,19,3.8,10,0.069,16
n_044_u_880_9,44,8.8,22,0.35,33
n_039_u_780_9,39,7.8,21,0.269,32
n_041_u_819_5,41,8.2,20,0.327,31
n_010_u_200_7,10,2,6,0.022,9
n_013_u_260_8,13,2.6,7,0.0430000000000001,11
n_006_u_120_11,6,1.2,4,0.00900000000000012,4
n_038_u_760_9,38,7.6,21,0.253,31
n_008_u_160_7,8,1.6,5,0.0190000000000001,6
n_016_u_320_9,16,3.2,11,0.0469999999999999,13
n_011_u_220_11,11,2.2,6,0.0269999999999999,9
n_041_u_819_7,41,8.2,19,0.234,34
n_011_u_220_10,11,2.2,7,0.0309999999999999,9
n_050_u_1000_7,50,10,28,0.353,39
n_048_u_960_9,48,9.6,24,0.336,39
n_029_u_580_7,29,5.8,15,0.184,24
n_008_u_160_9,8,1.6,6,0.0149999999999997,6
n_018_u_360_11,18,3.6,10,0.0660000000000003,14
n_045_u_900_9,45,9,23,0.348,36
n_031_u_620_9,31,6.2,15,0.18,25
n_018_u_360_9,18,3.6,10,0.0650000000000002,14
n_023_u_459_9,23,4.6,13,0.0839999999999999,18
n_045_u_900_8,45,9,21,0.352,39
n_020_u_400_9,20,4,11,0.0939999999999999,16
n_039_u_780_7,39,7.8,20,0.29,30
n_024_u_480_10,24,4.8,12,0.129,19
n_048_u_960_6,48,9.6,24,0.456,39
n_045_u_900_7,45,9,23,0.418,35
n_032_u_640_9,32,6.4,17,0.174,26
n_006_u_120_9,6,1.2,3,0.012,5
n_019_u_380_12,19,3.8,10,0.0719999999999998,13
n_015_u_300_11,15,3,8,0.0419999999999998,11
n_042_u_840_6,42,8.4,23,0.324,34
n_022_u_440_8,22,4.4,12,0.102,18
n_012_u_240_11,12,2.4,6,0.0389999999999997,8
n_039_u_780_8,39,7.8,20,0.289,31
n_027_u_540_9,27,5.4,13,0.153,21
n_005_u_100_11,5,1,3,0.0839999999999999,4
n_012_u_240_10,12,2.4,6,0.0390000000000001,10
n_023_u_459_8,23,4.6,14,0.0959999999999999,18
n_017_u_340_9,17,3.4,10,0.0649999999999999,13
n_006_u_120_10,6,1.2,4,0.012,5
n_009_u_180_8,9,1.8,6,0.02,7
n_025_u_500_9,25,5,13,0.151,18
n_040_u_800_8,40,8,20,0.34,33
n_012_u_240_9,12,2.4,7,0.0350000000000001,10
n_041_u_819_6,41,8.2,20,0.324,32
n_021_u_420_8,21,4.2,10,0.097,16
n_031_u_620_11,31,6.2,16,0.179,23
n_021_u_420_10,21,4.2,10,0.0789999999999997,18
n_007_u_140_10,7,1.4,4,0.0169999999999999,6
n_030_u_600_8,30,6,14,0.229,22
n_015_u_300_8,15,3,8,0.0540000000000003,13
n_024_u_480_11,24,4.8,12,0.106,20
n_047_u_940_8,47,9.4,24,0.353,38
n_049_u_980_6,49,9.8,25,0.454,38
n_040_u_800_9,40,8,20,0.265,33
n_008_u_160_8,8,1.6,6,0.0209999999999999,6
n_047_u_940_7,47,9.4,24,0.397,38
n_026_u_520_9,26,5.2,14,0.132,20
n_007_u_140_11,7,1.4,5,0.012,6
n_050_u_1000_6,50,10,26,0.468,41
n_046_u_920_7,46,9.2,24,0.421,37
n_024_u_480_12,24,4.8,14,0.137,18
n_019_u_380_10,19,3.8,10,0.0820000000000003,17
n_048_u_960_8,48,9.6,24,0.406,39
n_029_u_580_10,29,5.8,15,0.143,22
n_032_u_640_10,32,6.4,18,0.174,25
n_040_u_800_7,40,8,20,0.32,33
n_018_u_360_12,18,3.6,10,0.0789999999999997,13
n_019_u_380_11,19,3.8,12,0.0739999999999998,15
n_014_u_280_10,14,2.8,8,0.052,11
n_007_u_140_9,7,1.4,4,0.016,5
n_014_u_280_9,14,2.8,7,0.0500000000000003,10
n_048_u_960_7,48,9.6,24,0.401,39
n_016_u_320_8,16,3.2,8,0.0609999999999999,12
n_028_u_560_12,28,5.6,14,0.118,22
n_013_u_260_9,13,2.6,8,0.0409999999999999,10
n_025_u_500_11,25,5,13,0.111,20
n_022_u_440_9,22,4.4,11,0.105,20
n_015_u_300_10,15,3,8,0.0499999999999998,12
n_046_u_920_8,46,9.2,23,0.429,36
n_020_u_400_11,20,4,12,0.0910000000000002,16
n_025_u_500_10,25,5,14,0.107,20
n_036_u_720_10,36,7.2,20,0.171,30
n_025_u_500_12,25,5,14,0.138,19
n_020_u_400_12,20,4,11,0.077,16
n_033_u_660_9,33,6.6,18,0.243,26
n_017_u_340_8,17,3.4,9,0.0709999999999997,13
n_030_u_600_10,30,6,15,0.134,24
n_041_u_819_8,41,8.2,21,0.362,33
n_031_u_620_12,31,6.2,16,0.198,25
n_046_u_920_9,46,9.2,24,0.429,37
n_021_u_420_9,21,4.2,11,0.108,17
n_043_u_860_8,43,8.6,23,0.329,35
n_013_u_260_10,13,2.6,7,0.0379999999999998,11
n_031_u_620_10,31,6.2,16,0.204,25
n_008_u_160_10,8,1.6,5,0.024,6
n_041_u_819_9,41,8.2,21,0.333,33
n_015_u_300_9,15,3,7,0.0699999999999998,12
n_042_u_840_7,42,8.4,23,0.35,35
n_032_u_640_13,32,6.4,16,0.187,25
n_010_u_200_10,10,2,7,0.0270000000000001,9
n_049_u_980_8,49,9.8,25,0.406,41
n_008_u_160_11,8,1.6,5,0.0169999999999999,5
n_020_u_400_10,20,4,11,0.0909999999999997,15
n_028_u_560_9,28,5.6,16,0.155,23
n_043_u_860_7,43,8.6,20,0.319,35
n_009_u_180_9,9,1.8,6,0.0190000000000001,7
n_013_u_260_11,13,2.6,7,0.0459999999999998,11
n_047_u_940_9,47,9.4,23,0.454,39
n_033_u_660_10,33,6.6,20,0.238,26
n_050_u_1000_9,50,10,24,0.389,42
n_042_u_840_9,42,8.4,21,0.34,34
n_010_u_200_9,10,2,5,0.0270000000000001,8
n_027_u_540_11,27,5.4,14,0.137,20
n_026_u_520_10,26,5.2,12,0.132,23
n_009_u_180_11,9,1.8,5,0.0219999999999998,7
n_036_u_720_9,36,7.2,17,0.241,29
n_016_u_320_10,16,3.2,8,0.0620000000000003,13
n_034_u_680_11,34,6.8,16,0.22,28
n_014_u_280_11,14,2.8,7,0.0460000000000003,12
n_035_u_700_9,35,7,18,0.261,29
n_037_u_740_11,37,7.4,21,0.279,28
n_027_u_540_10,27,5.4,13,0.162,21
n_037_u_740_12,37,7.4,19,0.221,31
n_042_u_840_8,42,8.4,22,0.315,33
n_028_u_560_11,28,5.6,14,0.141,23
n_032_u_640_11,32,6.4,18,0.195,27
n_017_u_340_11,17,3.4,9,0.0539999999999998,14
n_050_u_1000_10,50,10,23,0.457,40
n_021_u_420_11,21,4.2,12,0.1,14
n_050_u_1000_11,50,10,27,0.393,39
n_029_u_580_9,29,5.8,16,0.173,24
n_040_u_800_10,40,8,20,0.28,33
n_034_u_680_9,34,6.8,19,0.257,27
n_044_u_880_10,44,8.8,24,0.325,38
n_021_u_420_12,21,4.2,11,0.0960000000000001,16
n_032_u_640_12,32,6.4,17,0.204,26
n_026_u_520_11,26,5.2,14,0.126,20
n_009_u_180_10,9,1.8,5,0.0249999999999999,7
n_031_u_620_13,31,6.2,15,0.209,24
n_022_u_440_10,22,4.4,12,0.097,19
n_023_u_459_11,23,4.6,11,0.111,19
n_007_u_140_12,7,1.4,4,0.016,5
n_039_u_780_10,39,7.8,18,0.25,32
n_042_u_840_11,42,8.4,21,0.235,34
n_011_u_220_12,11,2.2,6,0.0290000000000004,10
n_038_u_760_10,38,7.6,21,0.3,31
n_006_u_120_12,6,1.2,4,0.0129999999999999,5
n_037_u_740_13,37,7.4,18,0.244,31
n_035_u_700_10,35,7,18,0.202,29
n_050_u_1000_8,50,10,25,0.423,41
n_033_u_660_13,33,6.6,16,0.186,29
n_005_u_100_12,5,1,3,0.0100000000000002,4
n_023_u_459_10,23,4.6,12,0.102,19
n_033_u_660_12,33,6.6,18,0.203,26
n_009_u_180_13,9,1.8,5,0.0209999999999999,8
n_017_u_340_13,17,3.4,10,0.0589999999999997,13
n_026_u_520_12,26,5.2,13,0.137,22
n_017_u_340_12,17,3.4,8,0.0649999999999999,15
n_034_u_680_10,34,6.8,17,0.184,29
n_030_u_600_9,30,6,14,0.203,24
n_041_u_819_13,41,8.2,22,0.242,35
n_028_u_560_10,28,5.6,16,0.18,20
n_049_u_980_9,49,9.8,24,0.474,39
n_022_u_440_12,22,4.4,12,0.112,19
n_008_u_160_15,8,1.6,5,0.0129999999999999,7
n_045_u_900_10,45,9,20,0.381,36
n_033_u_660_11,33,6.6,16,0.187,28
n_043_u_860_9,43,8.6,24,0.342,34
n_038_u_760_11,38,7.6,19,0.249,32
n_029_u_580_11,29,5.8,16,0.135,24
n_022_u_440_11,22,4.4,11,0.097,19
n_005_u_100_13,5,1,3,0.0109999999999997,3
n_018_u_360_13,18,3.6,9,0.0670000000000002,15
n_019_u_380_13,19,3.8,11,0.0780000000000003,16
n_020_u_400_13,20,4,13,0.0949999999999998,15
n_038_u_760_13,38,7.6,21,0.262,30
n_012_u_240_12,12,2.4,7,0.0329999999999999,10
n_017_u_340_10,17,3.4,9,0.0789999999999997,13
n_010_u_200_11,10,2,6,0.0269999999999997,9
n_044_u_880_12,44,8.8,25,0.381,33
n_016_u_320_11,16,3.2,9,0.0499999999999998,15
n_005_u_100_15,5,1,3,0.012,4
n_030_u_600_12,30,6,16,0.144,23
n_027_u_540_12,27,5.4,14,0.168,22
n_038_u_760_12,38,7.6,21,0.309,30
n_022_u_440_14,22,4.4,11,0.101,18
n_043_u_860_11,43,8.6,22,0.293,35
n_005_u_100_14,5,1,3,0.0089999999999999,3
n_045_u_900_11,45,9,23,0.359,37
n_021_u_420_16,21,4.2,12,0.0710000000000002,18
n_024_u_480_13,24,4.8,13,0.127,20
n_011_u_220_14,11,2.2,6,0.0309999999999997,8
n_010_u_200_13,10,2,6,0.0210000000000004,9
n_018_u_360_14,18,3.6,11,0.0680000000000001,15
n_034_u_680_12,34,6.8,17,0.189,28
n_012_u_240_13,12,2.4,6,0.0349999999999997,10
n_018_u_360_16,18,3.6,9,0.0619999999999998,16
n_041_u_819_10,41,8.2,21,0.294,35
n_046_u_920_10,46,9.2,22,0.357,41
n_030_u_600_14,30,6,17,0.164,24
n_008_u_160_12,8,1.6,5,0.02,7
n_018_u_360_15,18,3.6,9,0.0790000000000002,15
n_034_u_680_13,34,6.8,17,0.234,28
n_025_u_500_13,25,5,14,0.122,19
n_023_u_459_12,23,4.6,11,0.12,20
n_045_u_900_14,45,9,24,0.351,36
n_044_u_880_11,44,8.8,21,0.365,38
n_030_u_600_13,30,6,16,0.192,25
n_049_u_980_11,49,9.8,24,0.4,39
n_044_u_880_13,44,8.8,23,0.387,37
n_036_u_720_12,36,7.2,17,0.241,28
n_013_u_260_12,13,2.6,9,0.044,11
n_035_u_700_11,35,7,18,0.254,29
n_036_u_720_11,36,7.2,19,0.223,31
n_024_u_480_15,24,4.8,12,0.114,18
n_011_u_220_13,11,2.2,8,0.0290000000000004,8
n_023_u_459_14,23,4.6,13,0.105,15
n_012_u_240_16,12,2.4,6,0.036,9
n_029_u_580_12,29,5.8,18,0.162,22
n_040_u_800_12,40,8,21,0.338,30
n_016_u_320_13,16,3.2,11,0.0369999999999999,14
n_039_u_780_11,39,7.8,18,0.329,31
n_011_u_220_15,11,2.2,7,0.0350000000000001,8
n_041_u_819_12,41,8.2,23,0.31,33
n_040_u_800_11,40,8,20,0.312,33
n_046_u_920_11,46,9.2,23,0.367,36
n_035_u_700_13,35,7,20,0.222,30
n_006_u_120_13,6,1.2,3,0.0109999999999997,4
n_008_u_160_14,8,1.6,5,0.016,6
n_007_u_140_14,7,1.4,4,0.02,4
n_007_u_140_13,7,1.4,6,0.0169999999999999,7
n_025_u_500_14,25,5,13,0.128,21
n_035_u_700_12,35,7,20,0.217,28
n_030_u_600_11,30,6,17,0.202,22
n_031_u_620_14,31,6.2,14,0.213,26
n_021_u_420_13,21,4.2,12,0.1,16
n_039_u_780_12,39,7.8,20,0.324,30
n_013_u_260_13,13,2.6,7,0.0369999999999999,11
n_042_u_840_10,42,8.4,21,0.342,35
n_033_u_660_14,33,6.6,17,0.227,26
n_039_u_780_13,39,7.8,19,0.287,32
n_006_u_120_14,6,1.2,4,0.0100000000000002,5
n_032_u_640_14,32,6.4,16,0.232,26
n_045_u_900_12,45,9,24,0.359,37
n_044_u_880_14,44,8.8,22,0.338,37
n_034_u_680_17,34,6.8,18,0.195,29
n_035_u_700_15,35,7,18,0.199,25
n_006_u_120_15,6,1.2,4,0.0109999999999997,5
n_009_u_180_12,9,1.8,6,0.02,7
n_047_u_940_12,47,9.4,23,0.406,38
n_046_u_920_14,46,9.2,22,0.334,37
n_011_u_220_16,11,2.2,6,0.0289999999999999,8
n_012_u_240_14,12,2.4,7,0.0369999999999999,9
n_045_u_900_13,45,9,21,0.377,37
n_031_u_620_17,31,6.2,17,0.195,24
n_020_u_400_15,20,4,10,0.0789999999999997,16
n_020_u_400_14,20,4,11,0.0790000000000002,15
n_026_u_520_13,26,5.2,14,0.132,21
n_031_u_620_15,31,6.2,15,0.214,23
n_021_u_420_15,21,4.2,11,0.0880000000000001,17
n_019_u_380_14,19,3.8,11,0.0979999999999999,15
n_048_u_960_11,48,9.6,24,0.361,40
n_048_u_960_10,48,9.6,25,0.433,38
n_024_u_480_16,24,4.8,13,0.113,19
n_024_u_480_14,24,4.8,13,0.124,18
n_043_u_860_10,43,8.6,22,0.346,32
n_029_u_580_14,29,5.8,16,0.117,25
n_025_u_500_17,25,5,14,0.122,21
n_037_u_740_14,37,7.4,20,0.252,31
n_040_u_800_13,40,8,18,0.271,32
n_050_u_1000_12,50,10,27,0.438,43
n_019_u_380_15,19,3.8,11,0.0750000000000002,16
n_047_u_940_10,47,9.4,25,0.421,36
n_049_u_980_10,49,9.8,26,0.454,40
n_014_u_280_14,14,2.8,8,0.048,12
n_013_u_260_16,13,2.6,7,0.0450000000000004,10
n_041_u_819_11,41,8.2,21,0.354,32
n_007_u_140_15,7,1.4,4,0.0169999999999999,6
n_012_u_240_15,12,2.4,7,0.0430000000000001,11
n_046_u_920_13,46,9.2,25,0.39,35
n_010_u_200_12,10,2,5,0.0309999999999997,9
n_019_u_380_16,19,3.8,11,0.0880000000000001,14
n_050_u_1000_14,50,10,25,0.412,40
n_022_u_440_13,22,4.4,11,0.085,18
n_008_u_160_13,8,1.6,4,0.0209999999999999,7
n_031_u_620_16,31,6.2,16,0.218,23
n_015_u_300_13,15,3,10,0.0469999999999997,13
n_043_u_860_13,43,8.6,23,0.322,34
n_015_u_300_12,15,3,9,0.052,11
n_046_u_920_12,46,9.2,23,0.364,38
n_014_u_280_12,14,2.8,7,0.04,13
n_050_u_1000_13,50,10,26,0.485,40
n_047_u_940_11,47,9.4,23,0.408,39
n_013_u_260_15,13,2.6,8,0.0350000000000001,11
n_016_u_320_12,16,3.2,10,0.0529999999999999,13
n_036_u_720_15,36,7.2,18,0.196,30
n_017_u_340_14,17,3.4,10,0.0619999999999998,14
n_010_u_200_15,10,2,6,0.0249999999999999,7
n_026_u_520_14,26,5.2,13,0.151,20
n_042_u_840_12,42,8.4,20,0.385,34
n_024_u_480_17,24,4.8,12,0.112,18
n_025_u_500_15,25,5,13,0.12,22
n_020_u_400_16,20,4,12,0.0760000000000001,15
n_013_u_260_14,13,2.6,8,0.0449999999999999,10
n_009_u_180_14,9,1.8,6,0.0230000000000001,7
n_014_u_280_13,14,2.8,8,0.044,9
n_017_u_340_16,17,3.4,9,0.0740000000000003,13
n_017_u_340_15,17,3.4,10,0.0620000000000003,13
n_037_u_740_16,37,7.4,18,0.254,28
n_036_u_720_13,36,7.2,17,0.284,27
n_043_u_860_15,43,8.6,21,0.315,35
n_034_u_680_14,34,6.8,15,0.208,29
n_038_u_760_14,38,7.6,19,0.302,32
n_021_u_420_14,21,4.2,12,0.0970000000000004,15
n_023_u_459_13,23,4.6,14,0.114,16
n_005_u_100_16,5,1,3,0.012,4
n_010_u_200_17,10,2,6,0.0250000000000004,8
n_025_u_500_16,25,5,15,0.137,19
n_027_u_540_15,27,5.4,14,0.146,21
n_026_u_520_17,26,5.2,14,0.151,18
n_023_u_459_16,23,4.6,15,0.0950000000000002,18
n_047_u_940_13,47,9.4,24,0.399,36
n_033_u_660_15,33,6.6,17,0.193,28
n_038_u_760_15,38,7.6,18,0.267,31
n_043_u_860_14,43,8.6,23,0.345,33
n_005_u_100_17,5,1,3,0.0140000000000002,4
n_026_u_520_16,26,5.2,14,0.13,23
n_028_u_560_14,28,5.6,15,0.152,22
n_034_u_680_16,34,6.8,19,0.21,27
n_022_u_440_15,22,4.4,12,0.1,18
n_028_u_560_13,28,5.6,17,0.162,24
n_029_u_580_13,29,5.8,17,0.146,22
n_047_u_940_14,47,9.4,25,0.382,39
n_018_u_360_17,18,3.6,10,0.0619999999999998,13
n_033_u_660_16,33,6.6,16,0.231,28
n_010_u_200_16,10,2,4,0.0270000000000001,8
n_038_u_760_18,38,7.6,19,0.218,33
n_027_u_540_13,27,5.4,13,0.166,21
n_014_u_280_15,14,2.8,9,0.048,10
n_005_u_100_20,5,1,4,0.00900000000000034,4
n_032_u_640_15,32,6.4,18,0.237,27
n_032_u_640_16,32,6.4,15,0.221,25
n_026_u_520_15,26,5.2,13,0.135,21
n_049_u_980_13,49,9.8,25,0.392,40
n_023_u_459_18,23,4.6,13,0.0880000000000001,20
n_030_u_600_15,30,6,17,0.171,26
n_042_u_840_15,42,8.4,22,0.253,32
n_027_u_540_14,27,5.4,14,0.148,21
n_032_u_640_17,32,6.4,18,0.22,29
n_014_u_280_16,14,2.8,8,0.044,12
n_042_u_840_13,42,8.4,21,0.384,30
n_009_u_180_17,9,1.8,5,0.016,6
n_037_u_740_17,37,7.4,17,0.276,29
n_043_u_860_12,43,8.6,22,0.357,33
n_035_u_700_14,35,7,18,0.238,26
n_018_u_360_18,18,3.6,10,0.0820000000000003,14
n_030_u_600_16,30,6,14,0.158,25
n_033_u_660_17,33,6.6,15,0.182,29
n_039_u_780_14,39,7.8,19,0.3,32
n_047_u_940_18,47,9.4,24,0.348,35
n_009_u_180_15,9,1.8,5,0.0249999999999999,8
n_006_u_120_16,6,1.2,4,0.0110000000000001,5
n_010_u_200_14,10,2,6,0.024,9
n_016_u_320_15,16,3.2,9,0.056,14
n_044_u_880_18,44,8.8,23,0.322,37
n_037_u_740_15,37,7.4,18,0.303,31
n_046_u_920_15,46,9.2,22,0.368,37
n_018_u_360_21,18,3.6,12,0.0710000000000002,15
n_048_u_960_16,48,9.6,27,0.361,38
n_044_u_880_15,44,8.8,23,0.389,36
n_049_u_980_12,49,9.8,25,0.455,37
n_023_u_459_17,23,4.6,12,0.104,18
n_030_u_600_17,30,6,15,0.208,23
n_048_u_960_12,48,9.6,25,0.461,37
n_048_u_960_13,48,9.6,27,0.408,41
n_048_u_960_14,48,9.6,25,0.431,39
n_014_u_280_20,14,2.8,8,0.0340000000000003,11
n_011_u_220_20,11,2.2,7,0.0249999999999999,9
n_011_u_220_17,11,2.2,6,0.032,8
n_039_u_780_15,39,7.8,20,0.262,32
n_013_u_260_17,13,2.6,9,0.0419999999999998,10
n_015_u_300_18,15,3,9,0.0459999999999998,11
n_006_u_120_17,6,1.2,5,0.0100000000000002,4
n_034_u_680_15,34,6.8,17,0.214,29
n_044_u_880_16,44,8.8,23,0.372,37
n_016_u_320_14,16,3.2,10,0.0429999999999997,12
n_037_u_740_18,37,7.4,21,0.278,29
n_015_u_300_15,15,3,9,0.0450000000000004,14
n_027_u_540_16,27,5.4,14,0.153,22
n_019_u_380_17,19,3.8,10,0.0800000000000001,16
n_015_u_300_14,15,3,9,0.0579999999999998,12
n_015_u_300_16,15,3,8,0.0550000000000002,13
n_038_u_760_16,38,7.6,21,0.285,30
n_011_u_220_18,11,2.2,6,0.028,9
n_036_u_720_17,36,7.2,17,0.221,30
n_031_u_620_18,31,6.2,16,0.179,25
n_005_u_100_18,5,1,3,0.012,4
n_022_u_440_16,22,4.4,11,0.111,18
n_023_u_459_15,23,4.6,11,0.102,20
n_022_u_440_18,22,4.4,12,0.141,17
n_027_u_540_17,27,5.4,13,0.151,21
n_044_u_880_17,44,8.8,22,0.368,36
n_045_u_900_15,45,9,25,0.488,34
n_035_u_700_16,35,7,18,0.221,27
n_019_u_380_18,19,3.8,11,0.0779999999999998,15
n_038_u_760_17,38,7.6,21,0.279,28
n_039_u_780_17,39,7.8,21,0.248,30
n_024_u_480_21,24,4.8,13,0.119,19
n_024_u_480_18,24,4.8,13,0.106,22
n_005_u_100_19,5,1,4,0.0110000000000001,4
n_011_u_220_19,11,2.2,7,0.0409999999999999,8
n_006_u_120_19,6,1.2,4,0.00999999999999979,5
n_012_u_240_17,12,2.4,6,0.0339999999999998,8
n_031_u_620_19,31,6.2,16,0.183,26
n_026_u_520_18,26,5.2,12,0.117,22
n_036_u_720_14,36,7.2,17,0.317,29
n_029_u_580_16,29,5.8,13,0.165,23
n_041_u_819_15,41,8.2,22,0.276,32
n_018_u_360_19,18,3.6,11,0.0760000000000001,14
n_040_u_800_16,40,8,23,0.313,32
n_050_u_1000_15,50,10,26,0.472,37
n_007_u_140_18,7,1.4,5,0.0129999999999999,6
n_039_u_780_18,39,7.8,19,0.321,32
n_008_u_160_17,8,1.6,4,0.0169999999999999,7
n_027_u_540_21,27,5.4,15,0.172,21
n_006_u_120_20,6,1.2,4,0.00999999999999979,5
n_049_u_980_16,49,9.8,26,0.434,41
n_041_u_819_14,41,8.2,21,0.291,34
n_050_u_1000_17,50,10,25,0.385,43
n_036_u_720_19,36,7.2,18,0.264,29
n_040_u_800_14,40,8,19,0.285,33
n_024_u_480_19,24,4.8,14,0.121,20
n_031_u_620_22,31,6.2,15,0.207,23
n_028_u_560_19,28,5.6,16,0.16,20
n_007_u_140_16,7,1.4,6,0.016,7
n_028_u_560_16,28,5.6,17,0.155,20
n_008_u_160_16,8,1.6,4,0.0219999999999998,7
n_018_u_360_20,18,3.6,11,0.0780000000000003,14
n_047_u_940_15,47,9.4,26,0.405,37
n_019_u_380_20,19,3.8,11,0.0810000000000004,16
n_017_u_340_17,17,3.4,8,0.0620000000000003,14
n_040_u_800_15,40,8,20,0.287,34
n_016_u_320_18,16,3.2,9,0.0390000000000001,13
n_039_u_780_16,39,7.8,20,0.307,33
n_029_u_580_15,29,5.8,14,0.188,21
n_036_u_720_18,36,7.2,18,0.231,30
n_006_u_120_18,6,1.2,5,0.0110000000000001,5
n_028_u_560_15,28,5.6,16,0.173,21
n_049_u_980_14,49,9.8,24,0.433,41
n_007_u_140_17,7,1.4,6,0.0169999999999999,5
n_032_u_640_18,32,6.4,18,0.181,28
n_028_u_560_17,28,5.6,15,0.182,22
n_046_u_920_16,46,9.2,22,0.386,40
n_017_u_340_19,17,3.4,8,0.0609999999999999,15
n_045_u_900_17,45,9,24,0.335,36
n_024_u_480_20,24,4.8,12,0.116,20
n_047_u_940_17,47,9.4,25,0.371,39
n_020_u_400_19,20,4,10,0.0880000000000001,17
n_019_u_380_21,19,3.8,11,0.0780000000000003,15
n_025_u_500_18,25,5,13,0.123,21
n_021_u_420_18,21,4.2,12,0.0899999999999999,16
n_014_u_280_17,14,2.8,8,0.056,11
n_013_u_260_18,13,2.6,7,0.0310000000000001,11
n_035_u_700_19,35,7,18,0.186,30
n_042_u_840_14,42,8.4,24,0.384,32
n_045_u_900_16,45,9,21,0.372,37
n_012_u_240_19,12,2.4,7,0.032,11
n_032_u_640_19,32,6.4,18,0.172,26
n_043_u_860_16,43,8.6,22,0.371,31
n_009_u_180_16,9,1.8,5,0.0180000000000002,7
n_016_u_320_16,16,3.2,10,0.0589999999999997,12
n_021_u_420_17,21,4.2,10,0.089,17
n_020_u_400_17,20,4,12,0.0980000000000003,16
n_014_u_280_19,14,2.8,8,0.0550000000000002,10
n_043_u_860_18,43,8.6,23,0.311,37
n_010_u_200_18,10,2,6,0.0209999999999999,7
n_019_u_380_19,19,3.8,12,0.081,18
n_043_u_860_17,43,8.6,23,0.358,35
n_012_u_240_18,12,2.4,7,0.0330000000000004,9
n_020_u_400_18,20,4,11,0.0880000000000001,16
n_035_u_700_17,35,7,17,0.248,29
n_036_u_720_16,36,7.2,20,0.255,31
n_010_u_200_20,10,2,6,0.0270000000000001,8
n_010_u_200_19,10,2,7,0.0230000000000001,9
n_040_u_800_17,40,8,20,0.286,33
n_029_u_580_19,29,5.8,14,0.128,22
n_046_u_920_18,46,9.2,23,0.391,38
n_031_u_620_20,31,6.2,17,0.203,25
n_007_u_140_19,7,1.4,5,0.0179999999999998,5
n_037_u_740_22,37,7.4,20,0.246,29
n_044_u_880_19,44,8.8,22,0.3,39
n_031_u_620_21,31,6.2,15,0.171,24
n_040_u_800_18,40,8,18,0.296,32
n_048_u_960_15,48,9.6,26,0.429,40
n_046_u_920_17,46,9.2,22,0.494,36
n_013_u_260_20,13,2.6,6,0.0369999999999999,12
n_050_u_1000_18,50,10,25,0.442,43
n_037_u_740_19,37,7.4,19,0.269,30
n_007_u_140_20,7,1.4,4,0.012,6
n_022_u_440_17,22,4.4,13,0.108,18
n_025_u_500_20,25,5,14,0.122,21
n_011_u_220_21,11,2.2,6,0.032,10
n_032_u_640_21,32,6.4,15,0.192,24
n_030_u_600_18,30,6,17,0.193,25
n_026_u_520_19,26,5.2,17,0.138,21
n_045_u_900_18,45,9,23,0.479,35
n_040_u_800_22,40,8,20,0.241,31
n_032_u_640_22,32,6.4,17,0.16,25
n_041_u_819_20,41,8.2,21,0.228,33
n_030_u_600_20,30,6,16,0.17,24
n_027_u_540_18,27,5.4,16,0.148,22
n_050_u_1000_19,50,10,25,0.383,42
n_007_u_140_24,7,1.4,5,0.00999999999999979,5
n_015_u_300_17,15,3,10,0.0419999999999998,12
n_037_u_740_20,37,7.4,17,0.242,29
n_023_u_459_19,23,4.6,10,0.116,19
n_013_u_260_19,13,2.6,6,0.0460000000000003,9
n_008_u_160_22,8,1.6,5,0.0140000000000002,7
n_025_u_500_19,25,5,12,0.128,22
n_023_u_459_20,23,4.6,12,0.105,19
n_039_u_780_19,39,7.8,19,0.305,31
n_050_u_1000_16,50,10,28,0.471,40
n_023_u_459_21,23,4.6,14,0.114,19
n_012_u_240_20,12,2.4,7,0.0369999999999999,10
n_042_u_840_17,42,8.4,21,0.312,33
n_033_u_660_20,33,6.6,19,0.205,26
n_027_u_540_20,27,5.4,16,0.155,20
n_020_u_400_20,20,4,11,0.1,17
n_006_u_120_21,6,1.2,4,0.0140000000000002,5
n_017_u_340_20,17,3.4,10,0.069,12
n_047_u_940_16,47,9.4,24,0.433,37
n_029_u_580_17,29,5.8,15,0.174,22
n_044_u_880_20,44,8.8,23,0.334,35
n_020_u_400_21,20,4,10,0.0780000000000003,17
n_049_u_980_18,49,9.8,23,0.408,40
n_009_u_180_19,9,1.8,5,0.024,7
n_020_u_400_25,20,4,11,0.0539999999999998,16
n_017_u_340_21,17,3.4,10,0.0630000000000002,14
n_044_u_880_23,44,8.8,24,0.313,35
n_034_u_680_19,34,6.8,18,0.239,27
n_048_u_960_17,48,9.6,24,0.398,39
n_011_u_220_22,11,2.2,6,0.0310000000000001,7
n_021_u_420_23,21,4.2,11,0.0779999999999998,17
n_014_u_280_18,14,2.8,8,0.0459999999999998,12
n_017_u_340_18,17,3.4,9,0.0620000000000003,14
n_037_u_740_21,37,7.4,21,0.265,27
n_026_u_520_21,26,5.2,14,0.133,21
n_033_u_660_18,33,6.6,17,0.236,27
n_041_u_819_17,41,8.2,20,0.334,34
n_024_u_480_22,24,4.8,13,0.133,19
n_019_u_380_22,19,3.8,11,0.0750000000000002,16
n_033_u_660_19,33,6.6,18,0.217,27
n_034_u_680_18,34,6.8,16,0.248,26
n_049_u_980_20,49,9.8,24,0.362,42
n_032_u_640_20,32,6.4,15,0.234,26
n_038_u_760_19,38,7.6,19,0.287,32
n_041_u_819_16,41,8.2,21,0.318,32
n_026_u_520_20,26,5.2,12,0.119,22
n_015_u_300_19,15,3,7,0.052,12
n_005_u_100_21,5,1,3,0.0089999999999999,4
n_008_u_160_19,8,1.6,6,0.0219999999999998,6
n_008_u_160_18,8,1.6,4,0.02,6
n_042_u_840_16,42,8.4,23,0.347,35
n_022_u_440_20,22,4.4,11,0.097,19
n_025_u_500_21,25,5,12,0.128,20
n_042_u_840_20,42,8.4,21,0.235,32
n_016_u_320_20,16,3.2,8,0.11,13
n_028_u_560_18,28,5.6,15,0.161,21
n_049_u_980_15,49,9.8,25,0.452,39
n_016_u_320_22,16,3.2,10,0.048,13
n_011_u_220_25,11,2.2,6,0.0960000000000001,9
n_041_u_819_18,41,8.2,21,0.357,32
n_009_u_180_22,9,1.8,5,0.016,7
n_030_u_600_21,30,6,16,0.147,24
n_035_u_700_18,35,7,17,0.214,29
n_008_u_160_20,8,1.6,6,0.0180000000000002,7
n_018_u_360_22,18,3.6,10,0.0640000000000001,14
n_033_u_660_26,33,6.6,17,0.147,27
n_049_u_980_19,49,9.8,26,0.407,36
n_024_u_480_23,24,4.8,13,0.143,20
n_009_u_180_18,9,1.8,6,0.0750000000000002,8
n_045_u_900_19,45,9,25,0.416,36
n_021_u_420_20,21,4.2,12,0.0949999999999998,17
n_048_u_960_20,48,9.6,24,0.383,38
n_033_u_660_21,33,6.6,16,0.205,28
n_027_u_540_19,27,5.4,14,0.159,23
n_034_u_680_24,34,6.8,17,0.162,27
n_016_u_320_17,16,3.2,10,0.0819999999999999,13
n_021_u_420_19,21,4.2,11,0.112,17
n_022_u_440_23,22,4.4,12,0.0899999999999999,16
n_015_u_300_22,15,3,9,0.0349999999999997,13
n_024_u_480_26,24,4.8,15,0.0960000000000001,18
n_016_u_320_21,16,3.2,10,0.0600000000000001,12
n_038_u_760_20,38,7.6,20,0.255,31
n_044_u_880_21,44,8.8,23,0.345,36
n_036_u_720_20,36,7.2,19,0.269,30
n_012_u_240_21,12,2.4,7,0.0470000000000002,9
n_030_u_600_22,30,6,18,0.216,24
n_033_u_660_22,33,6.6,18,0.237,27
n_005_u_100_22,5,1,3,0.0130000000000003,4
n_036_u_720_21,36,7.2,19,0.274,31
n_039_u_780_20,39,7.8,20,0.309,29
n_029_u_580_21,29,5.8,15,0.139,23
n_006_u_120_22,6,1.2,4,0.0110000000000001,5
n_029_u_580_23,29,5.8,16,0.138,22
n_022_u_440_19,22,4.4,11,0.0840000000000001,19
n_028_u_560_20,28,5.6,15,0.191,24
n_030_u_600_19,30,6,17,0.237,22
n_036_u_720_22,36,7.2,19,0.305,29
n_038_u_760_21,38,7.6,21,0.354,30
n_044_u_880_22,44,8.8,22,0.38,38
n_021_u_420_21,21,4.2,11,0.141,15
n_040_u_800_19,40,8,21,0.343,33
n_005_u_100_23,5,1,4,0.00800000000000001,4
n_043_u_860_21,43,8.6,23,0.355,34
n_040_u_800_21,40,8,20,0.33,32
n_007_u_140_21,7,1.4,5,0.024,5
n_011_u_220_23,11,2.2,6,0.0919999999999996,9
n_028_u_560_23,28,5.6,15,0.101,23
n_011_u_220_24,11,2.2,8,0.0330000000000004,9
n_010_u_200_23,10,2,6,0.0270000000000001,7
n_048_u_960_18,48,9.6,26,0.479,39
n_007_u_140_23,7,1.4,5,0.0169999999999999,5
n_045_u_900_20,45,9,25,0.526,35
n_032_u_640_23,32,6.4,17,0.279,26
n_045_u_900_22,45,9,24,0.429,34
n_012_u_240_22,12,2.4,7,0.0289999999999999,10
n_039_u_780_21,39,7.8,20,0.289,32
n_018_u_360_24,18,3.6,9,0.0770000000000004,15
n_049_u_980_17,49,9.8,24,0.514,40
n_018_u_360_23,18,3.6,10,0.136,15
n_006_u_120_23,6,1.2,4,0.0109999999999997,5
n_045_u_900_23,45,9,25,0.435,35
n_031_u_620_23,31,6.2,17,0.23,25
n_039_u_780_22,39,7.8,20,0.335,31
n_019_u_380_23,19,3.8,13,0.131,15
n_006_u_120_24,6,1.2,4,0.00800000000000001,5
n_050_u_1000_23,50,10,23,0.498,41
n_035_u_700_21,35,7,20,0.289,27
n_012_u_240_24,12,2.4,7,0.0339999999999998,9
n_037_u_740_23,37,7.4,19,0.336,28
n_050_u_1000_20,50,10,25,0.484,41
n_043_u_860_19,43,8.6,25,0.472,34
n_012_u_240_25,12,2.4,8,0.0309999999999997,10
n_020_u_400_24,20,4,11,0.0839999999999996,16
n_037_u_740_27,37,7.4,17,0.198,29
n_037_u_740_24,37,7.4,18,0.245,31
n_016_u_320_19,16,3.2,9,0.0449999999999999,13
n_024_u_480_24,24,4.8,13,0.106,20
n_010_u_200_21,10,2,8,0.0190000000000001,7
n_025_u_500_22,25,5,12,0.2,19
n_024_u_480_25,24,4.8,14,0.111,20
n_034_u_680_21,34,6.8,16,0.253,29
n_023_u_459_24,23,4.6,12,0.106,19
n_029_u_580_18,29,5.8,15,0.234,22
n_035_u_700_24,35,7,17,0.219,28
n_029_u_580_22,29,5.8,15,0.215,23
n_047_u_940_20,47,9.4,25,0.411,40
n_042_u_840_18,42,8.4,20,0.447,34
n_015_u_300_20,15,3,9,0.105,12
n_046_u_920_21,46,9.2,24,0.459,37
n_017_u_340_25,17,3.4,9,0.0499999999999998,14
n_035_u_700_20,35,7,18,0.184,27
n_020_u_400_22,20,4,10,0.131,17
n_034_u_680_20,34,6.8,18,0.237,27
n_038_u_760_22,38,7.6,20,0.346,30
n_019_u_380_25,19,3.8,10,0.0619999999999998,14
n_047_u_940_25,47,9.4,24,0.258,41
n_019_u_380_24,19,3.8,10,0.0779999999999998,15
n_009_u_180_20,9,1.8,5,0.0200000000000005,8
n_017_u_340_22,17,3.4,9,0.0530000000000004,14
n_046_u_920_27,46,9.2,23,0.308,36
n_005_u_100_24,5,1,3,0.0109999999999992,4
n_050_u_1000_21,50,10,25,0.512,38
n_025_u_500_23,25,5,15,0.101,21
n_041_u_819_19,41,8.2,21,0.363,34
n_013_u_260_23,13,2.6,6,0.032,12
n_014_u_280_22,14,2.8,9,0.0360000000000005,12
n_040_u_800_20,40,8,21,0.285,34
n_014_u_280_27,14,2.8,8,0.0329999999999995,12
n_043_u_860_22,43,8.6,23,0.356,34
n_013_u_260_29,13,2.6,7,0.0280000000000005,11
n_008_u_160_21,8,1.6,4,0.0179999999999998,7
n_007_u_140_22,7,1.4,4,0.0129999999999999,6
n_046_u_920_20,46,9.2,24,0.431,36
n_025_u_500_25,25,5,11,0.104,21
n_023_u_459_22,23,4.6,12,0.0830000000000002,19
n_045_u_900_21,45,9,21,0.437,34
n_046_u_920_19,46,9.2,25,0.451,38
n_010_u_200_24,10,2,8,0.024,8
n_042_u_840_22,42,8.4,21,0.263,34
n_025_u_500_26,25,5,12,0.106,20
n_017_u_340_23,17,3.4,8,0.0519999999999996,13
n_034_u_680_22,34,6.8,18,0.238,26
n_031_u_620_24,31,6.2,15,0.157999999999999,26
n_041_u_819_24,41,8.2,24,0.215,33
n_018_u_360_25,18,3.6,9,0.0720000000000001,12
n_013_u_260_22,13,2.6,9,0.0380000000000003,11
n_009_u_180_24,9,1.8,5,0.0209999999999999,8
n_031_u_620_25,31,6.2,16,0.169,24
n_047_u_940_19,47,9.4,22,0.476,37
n_012_u_240_23,12,2.4,7,0.0350000000000001,9
n_022_u_440_21,22,4.4,13,0.0890000000000004,18
n_028_u_560_21,28,5.6,13,0.109,25
n_008_u_160_26,8,1.6,5,0.016,6
n_013_u_260_21,13,2.6,7,0.0380000000000003,10
n_041_u_819_21,41,8.2,20,0.281000000000001,32
n_043_u_860_23,43,8.6,22,0.326,35
n_032_u_640_24,32,6.4,16,0.176,25
n_029_u_580_20,29,5.8,18,0.145,24
n_042_u_840_24,42,8.4,20,0.306999999999999,35
n_020_u_400_23,20,4,9,0.0739999999999998,16
n_008_u_160_23,8,1.6,5,0.0169999999999995,6
n_050_u_1000_22,50,10,30,0.536,37
n_021_u_420_22,21,4.2,11,0.0810000000000004,17
n_010_u_200_25,10,2,6,0.0209999999999999,7
n_014_u_280_21,14,2.8,8,0.0369999999999999,12
n_030_u_600_26,30,6,15,0.143,24
n_009_u_180_26,9,1.8,5,0.0179999999999998,8
n_026_u_520_30,26,5.2,17,0.0960000000000001,20
n_030_u_600_23,30,6,15,0.129,26
n_027_u_540_23,27,5.4,15,0.118,21
n_026_u_520_24,26,5.2,15,0.12,20
n_032_u_640_26,32,6.4,17,0.145,27
n_027_u_540_28,27,5.4,16,0.108,22
n_049_u_980_22,49,9.8,22,0.356,39
n_046_u_920_22,46,9.2,22,0.408,37
n_046_u_920_23,46,9.2,26,0.364,36
n_048_u_960_19,48,9.6,23,0.469,38
n_036_u_720_25,36,7.2,20,0.179,26
n_021_u_420_27,21,4.2,13,0.0670000000000002,17
n_033_u_660_25,33,6.6,18,0.201,24
n_022_u_440_25,22,4.4,12,0.0809999999999995,18
n_017_u_340_24,17,3.4,10,0.0460000000000003,12
n_023_u_459_25,23,4.6,13,0.106,19
n_033_u_660_23,33,6.6,17,0.178,25
n_043_u_860_20,43,8.6,22,0.353,35
n_032_u_640_25,32,6.4,17,0.173,29
n_026_u_520_23,26,5.2,14,0.0949999999999998,21
n_013_u_260_24,13,2.6,7,0.0330000000000004,11
n_013_u_260_25,13,2.6,8,0.0359999999999996,10
n_037_u_740_25,37,7.4,19,0.215,30
n_037_u_740_26,37,7.4,20,0.220000000000001,30
n_016_u_320_24,16,3.2,8,0.0499999999999998,13
n_049_u_980_21,49,9.8,26,0.429,39
n_010_u_200_22,10,2,6,0.024,7
n_015_u_300_21,15,3,8,0.0440000000000005,13
n_025_u_500_24,25,5,14,0.109,22
n_049_u_980_23,49,9.8,24,0.375999999999999,39
n_026_u_520_22,26,5.2,13,0.108000000000001,20
n_045_u_900_24,45,9,22,0.32,37
n_021_u_420_24,21,4.2,11,0.0970000000000004,17
n_042_u_840_23,42,8.4,22,0.238,36
n_023_u_459_26,23,4.6,13,0.0970000000000004,20
n_044_u_880_24,44,8.8,22,0.302999999999999,37
n_022_u_440_27,22,4.4,12,0.0949999999999998,17
n_036_u_720_23,36,7.2,19,0.175,30
n_038_u_760_26,38,7.6,21,0.184,32
n_042_u_840_19,42,8.4,20,0.257000000000001,36
n_009_u_180_25,9,1.8,5,0.0140000000000002,8
n_016_u_320_23,16,3.2,10,0.0380000000000003,14
n_030_u_600_24,30,6,18,0.176,22
n_027_u_540_22,27,5.4,14,0.112,22
n_012_u_240_26,12,2.4,8,0.0330000000000004,9
n_038_u_760_23,38,7.6,21,0.271,31
n_011_u_220_26,11,2.2,6,0.0220000000000002,9
n_005_u_100_28,5,1,3,0.0170000000000003,4
n_038_u_760_24,38,7.6,21,0.236999999999999,30
n_016_u_320_25,16,3.2,9,0.0469999999999997,12
n_031_u_620_26,31,6.2,16,0.169,25
n_005_u_100_25,5,1,4,0.00899999999999945,5
n_009_u_180_21,9,1.8,5,0.0200000000000005,7
n_038_u_760_27,38,7.6,21,0.194,30
n_005_u_100_26,5,1,4,0.00900000000000034,5
n_005_u_100_29,5,1,3,0.00800000000000001,4
n_050_u_1000_24,50,10,24,0.324,42
n_026_u_520_25,26,5.2,13,0.0960000000000001,22
n_018_u_360_29,18,3.6,10,0.0450000000000008,15
n_026_u_520_26,26,5.2,16,0.111,20
n_023_u_459_23,23,4.6,13,0.100000000000001,18
n_047_u_940_22,47,9.4,25,0.322,39
n_035_u_700_22,35,7,17,0.21,29
n_033_u_660_24,33,6.6,16,0.192,27
n_034_u_680_28,34,6.8,15,0.149,28
n_048_u_960_25,48,9.6,24,0.337,38
n_022_u_440_26,22,4.4,13,0.0820000000000007,17
n_030_u_600_25,30,6,15,0.152,23
n_017_u_340_26,17,3.4,9,0.0550000000000006,14
n_018_u_360_27,18,3.6,10,0.0640000000000001,15
n_018_u_360_26,18,3.6,12,0.0720000000000001,13
n_018_u_360_30,18,3.6,11,0.0589999999999993,14
n_050_u_1000_25,50,10,25,0.365,39
n_028_u_560_22,28,5.6,14,0.129,23
n_029_u_580_25,29,5.8,16,0.133,23
n_022_u_440_22,22,4.4,12,0.0810000000000004,18
n_034_u_680_23,34,6.8,18,0.222,26
n_048_u_960_22,48,9.6,24,0.408,38
n_014_u_280_24,14,2.8,10,0.0460000000000003,10
n_039_u_780_31,39,7.8,19,0.216,30
n_024_u_480_27,24,4.8,12,0.101,20
n_050_u_1000_28,50,10,25,0.387,41
n_047_u_940_21,47,9.4,22,0.361,37
n_015_u_300_27,15,3,8,0.0359999999999996,11
n_041_u_819_22,41,8.2,21,0.259,33
n_025_u_500_27,25,5,13,0.111,20
n_006_u_120_33,6,1.2,4,0.00999999999999979,4
n_044_u_880_25,44,8.8,23,0.288,34
n_034_u_680_25,34,6.8,17,0.15,27
n_044_u_880_26,44,8.8,23,0.285,32
n_036_u_720_26,36,7.2,18,0.202,29
n_008_u_160_24,8,1.6,4,0.016,7
n_040_u_800_24,40,8,22,0.234,31
n_035_u_700_26,35,7,19,0.207999999999999,29
n_043_u_860_27,43,8.6,21,0.25,34
n_040_u_800_29,40,8,20,0.239,32
n_029_u_580_26,29,5.8,14,0.136,23
n_007_u_140_26,7,1.4,4,0.0140000000000002,4
n_047_u_940_23,47,9.4,24,0.322,38
n_015_u_300_24,15,3,7,0.0429999999999993,14
n_014_u_280_23,14,2.8,7,0.0369999999999999,10
n_042_u_840_21,42,8.4,20,0.282,33
n_011_u_220_27,11,2.2,6,0.0280000000000005,9
n_007_u_140_31,7,1.4,4,0.0110000000000001,5
n_017_u_340_27,17,3.4,10,0.0680000000000005,13
n_011_u_220_28,11,2.2,7,0.0269999999999992,8
n_036_u_720_27,36,7.2,18,0.176,31
n_029_u_580_24,29,5.8,13,0.16,22
n_010_u_200_29,10,2,4,0.0220000000000002,9
n_017_u_340_30,17,3.4,9,0.0539999999999994,15
n_039_u_780_25,39,7.8,22,0.265000000000001,30
n_009_u_180_23,9,1.8,4,0.0129999999999999,8
n_035_u_700_28,35,7,17,0.191,27
n_048_u_960_21,48,9.6,24,0.431,37
n_019_u_380_34,19,3.8,10,0.0580000000000007,15
n_006_u_120_27,6,1.2,5,0.0120000000000005,6
n_038_u_760_25,38,7.6,19,0.223,30
n_014_u_280_25,14,2.8,8,0.0360000000000005,11
n_045_u_900_27,45,9,21,0.288,37
n_005_u_100_27,5,1,4,0.00699999999999967,4
n_021_u_420_25,21,4.2,12,0.0640000000000001,17
n_031_u_620_30,31,6.2,16,0.144,25
n_039_u_780_24,39,7.8,20,0.262,31
n_045_u_900_25,45,9,23,0.331,36
n_030_u_600_27,30,6,17,0.124000000000001,24
n_020_u_400_27,20,4,12,0.0620000000000003,16
n_006_u_120_26,6,1.2,3,0.0119999999999996,5
n_045_u_900_26,45,9,26,0.28,35
n_020_u_400_32,20,4,11,0.0600000000000005,15
n_012_u_240_29,12,2.4,8,0.0229999999999997,9
n_015_u_300_23,15,3,9,0.0440000000000005,11
n_027_u_540_25,27,5.4,15,0.12,22
n_039_u_780_23,39,7.8,20,0.266,32
n_040_u_800_23,40,8,19,0.233,32
n_012_u_240_27,12,2.4,6,0.0309999999999997,10
n_046_u_920_26,46,9.2,24,0.31,40
n_036_u_720_24,36,7.2,19,0.177,29
n_031_u_620_28,31,6.2,15,0.152,26
n_012_u_240_28,12,2.4,7,0.0250000000000004,9
n_006_u_120_25,6,1.2,3,0.0129999999999999,5
n_019_u_380_28,19,3.8,12,0.0650000000000004,14
n_007_u_140_25,7,1.4,4,0.0129999999999999,5
n_024_u_480_28,24,4.8,13,0.0949999999999998,19
n_018_u_360_28,18,3.6,11,0.0609999999999999,15
n_023_u_459_30,23,4.6,12,0.0949999999999998,19
n_022_u_440_24,22,4.4,13,0.0880000000000001,18
n_024_u_480_29,24,4.8,12,0.104,19
n_043_u_860_24,43,8.6,23,0.368,33
n_028_u_560_28,28,5.6,15,0.149999999999999,22
n_043_u_860_25,43,8.6,22,0.266,34
n_031_u_620_27,31,6.2,19,0.179,24
n_035_u_700_27,35,7,17,0.191,28
n_028_u_560_25,28,5.6,13,0.119,25
n_039_u_780_27,39,7.8,21,0.215,33
n_027_u_540_24,27,5.4,13,0.119000000000001,22
n_031_u_620_31,31,6.2,16,0.185,24
n_049_u_980_26,49,9.8,25,0.356999999999999,39
n_013_u_260_28,13,2.6,7,0.0410000000000004,10
n_039_u_780_26,39,7.8,23,0.239999999999999,32
n_019_u_380_27,19,3.8,10,0.0659999999999998,16
n_006_u_120_29,6,1.2,4,0.00999999999999979,5
n_035_u_700_23,35,7,16,0.184,30
n_010_u_200_26,10,2,7,0.0199999999999996,8
n_006_u_120_28,6,1.2,3,0.00999999999999979,4
n_010_u_200_27,10,2,6,0.0259999999999998,7
n_030_u_600_28,30,6,15,0.133,24
n_030_u_600_31,30,6,16,0.134,24
n_050_u_1000_27,50,10,27,0.347,39
n_020_u_400_26,20,4,12,0.0579999999999998,16
n_037_u_740_28,37,7.4,20,0.194999999999999,32
n_019_u_380_26,19,3.8,11,0.0620000000000003,13
n_027_u_540_26,27,5.4,16,0.131,21
n_044_u_880_27,44,8.8,22,0.31,37
n_049_u_980_24,49,9.8,24,0.337,40
n_032_u_640_35,32,6.4,16,0.148000000000001,25
n_025_u_500_30,25,5,14,0.111,19
n_016_u_320_28,16,3.2,8,0.056,12
n_025_u_500_28,25,5,11,0.101,19
n_038_u_760_28,38,7.6,19,0.228,30
n_019_u_380_30,19,3.8,10,0.0640000000000001,15
n_042_u_840_26,42,8.4,20,0.26,31
n_005_u_100_30,5,1,3,0.00800000000000001,5
n_025_u_500_29,25,5,14,0.11,21
n_011_u_220_29,11,2.2,7,0.0310000000000006,8
n_028_u_560_24,28,5.6,14,0.132000000000001,20
n_019_u_380_29,19,3.8,11,0.0699999999999994,16
n_046_u_920_24,46,9.2,22,0.432,37
n_050_u_1000_26,50,10,26,0.419,39
n_017_u_340_29,17,3.4,9,0.0599999999999996,14
n_041_u_819_23,41,8.2,20,0.275,34
n_009_u_180_28,9,1.8,4,0.0150000000000006,8
n_033_u_660_33,33,6.6,18,0.151,26
n_023_u_459_28,23,4.6,13,0.0779999999999994,19
n_016_u_320_26,16,3.2,10,0.0459999999999994,14
n_046_u_920_25,46,9.2,21,0.312,38
n_008_u_160_25,8,1.6,5,0.0129999999999999,7
n_023_u_459_27,23,4.6,12,0.0960000000000001,17
n_034_u_680_26,34,6.8,18,0.188,29
n_033_u_660_28,33,6.6,18,0.172,25
n_047_u_940_29,47,9.4,23,0.316000000000001,38
n_026_u_520_29,26,5.2,13,0.113,19
n_043_u_860_26,43,8.6,21,0.316,35
n_013_u_260_26,13,2.6,6,0.032,10
n_042_u_840_27,42,8.4,22,0.25,35
n_042_u_840_25,42,8.4,21,0.236,33
n_018_u_360_31,18,3.6,9,0.0540000000000003,16
n_048_u_960_23,48,9.6,27,0.342,39
n_013_u_260_27,13,2.6,7,0.032,11
n_032_u_640_29,32,6.4,15,0.172,26
n_009_u_180_29,9,1.8,5,0.0220000000000002,6
n_017_u_340_28,17,3.4,11,0.056,13
n_009_u_180_27,9,1.8,5,0.0260000000000007,7
n_010_u_200_28,10,2,7,0.0309999999999997,8
n_014_u_280_31,14,2.8,9,0.0390000000000006,11
n_031_u_620_29,31,6.2,15,0.175999999999999,24
n_047_u_940_26,47,9.4,24,0.308000000000001,36
n_035_u_700_25,35,7,18,0.177,28
n_015_u_300_25,15,3,8,0.0409999999999995,13
n_036_u_720_31,36,7.2,20,0.191,29
n_021_u_420_26,21,4.2,13,0.0750000000000002,17
n_024_u_480_30,24,4.8,13,0.105,18
n_022_u_440_29,22,4.4,11,0.0920000000000005,17
n_037_u_740_30,37,7.4,19,0.198,28
n_049_u_980_27,49,9.8,25,0.332999999999999,40
n_037_u_740_29,37,7.4,18,0.213,32
n_048_u_960_27,48,9.6,25,0.333,41
n_029_u_580_29,29,5.8,16,0.137,25
n_014_u_280_28,14,2.8,8,0.0360000000000005,11
n_047_u_940_24,47,9.4,24,0.372,37
n_032_u_640_28,32,6.4,17,0.196000000000001,24
n_033_u_660_27,33,6.6,18,0.174,26
n_032_u_640_27,32,6.4,17,0.175999999999999,26
n_043_u_860_28,43,8.6,22,0.282,35
n_030_u_600_30,30,6,15,0.131,26
n_040_u_800_26,40,8,20,0.267,32
n_044_u_880_31,44,8.8,25,0.302,38
n_015_u_300_29,15,3,8,0.0369999999999999,13
n_044_u_880_29,44,8.8,21,0.27,36
n_022_u_440_30,22,4.4,14,0.0880000000000001,17
n_022_u_440_28,22,4.4,12,0.0830000000000002,20
n_007_u_140_28,7,1.4,4,0.0139999999999993,5
n_026_u_520_27,26,5.2,15,0.116,21
n_010_u_200_30,10,2,6,0.024,8
n_016_u_320_29,16,3.2,8,0.0549999999999997,13
n_041_u_819_29,41,8.2,22,0.254,33
n_014_u_280_26,14,2.8,8,0.0460000000000003,11
n_032_u_640_31,32,6.4,18,0.176,26
n_029_u_580_27,29,5.8,15,0.152,23
n_011_u_220_33,11,2.2,5,0.0229999999999997,10
n_026_u_520_28,26,5.2,15,0.113,22
n_027_u_540_32,27,5.4,15,0.104,22
n_041_u_819_26,41,8.2,19,0.268,34
n_032_u_640_30,32,6.4,18,0.178,24
n_011_u_220_31,11,2.2,6,0.0289999999999999,9
n_049_u_980_28,49,9.8,24,0.379,38
n_008_u_160_31,8,1.6,5,0.0189999999999992,6
n_023_u_459_29,23,4.6,13,0.119,17
n_008_u_160_28,8,1.6,5,0.016,7
n_040_u_800_25,40,8,20,0.285,32
n_030_u_600_29,30,6,16,0.137,25
n_031_u_620_32,31,6.2,17,0.151,26
n_038_u_760_30,38,7.6,19,0.208,32
n_048_u_960_29,48,9.6,25,0.385,38
n_049_u_980_25,49,9.8,25,0.33,40
n_007_u_140_27,7,1.4,5,0.0110000000000001,5
n_044_u_880_28,44,8.8,21,0.305000000000001,37
n_005_u_100_32,5,1,4,0.00899999999999945,3
n_036_u_720_29,36,7.2,17,0.207,29
n_043_u_860_29,43,8.6,23,0.285,36
n_028_u_560_26,28,5.6,13,0.132,22
n_040_u_800_27,40,8,20,0.263999999999999,32
n_043_u_860_32,43,8.6,23,0.286,37
n_036_u_720_28,36,7.2,19,0.205,29
n_039_u_780_30,39,7.8,23,0.199000000000001,32
n_016_u_320_30,16,3.2,10,0.0519999999999996,13
n_020_u_400_29,20,4,10,0.0819999999999999,17
n_038_u_760_29,38,7.6,18,0.255,29
n_007_u_140_29,7,1.4,5,0.0119999999999996,6
n_011_u_220_30,11,2.2,7,0.0270000000000001,9
n_038_u_760_31,38,7.6,19,0.271,30
n_006_u_120_32,6,1.2,3,0.00999999999999979,5
n_010_u_200_31,10,2,7,0.0209999999999999,8
n_045_u_900_36,45,9,22,0.273,34
n_023_u_459_31,23,4.6,15,0.0880000000000001,20
n_005_u_100_31,5,1,4,0.0100000000000007,4
n_015_u_300_31,15,3,8,0.0419999999999998,12
n_027_u_540_29,27,5.4,14,0.137,22
n_005_u_100_33,5,1,4,0.00800000000000001,4
n_010_u_200_34,10,2,5,0.0199999999999996,9
n_024_u_480_34,24,4.8,16,0.0869999999999997,18
n_016_u_320_27,16,3.2,9,0.048,11
n_041_u_819_25,41,8.2,20,0.261,34
n_024_u_480_32,24,4.8,12,0.0820000000000007,21
n_034_u_680_27,34,6.8,16,0.163,30
n_012_u_240_38,12,2.4,8,0.0209999999999999,9
n_021_u_420_32,21,4.2,11,0.0830000000000002,18
n_048_u_960_28,48,9.6,25,0.354,40
n_044_u_880_32,44,8.8,20,0.36,38
n_008_u_160_27,8,1.6,4,0.0149999999999997,7
n_028_u_560_30,28,5.6,15,0.127,22
n_021_u_420_29,21,4.2,11,0.0800000000000001,17
n_018_u_360_33,18,3.6,10,0.0659999999999998,15
n_020_u_400_28,20,4,11,0.0720000000000001,17
n_046_u_920_34,46,9.2,25,0.277,36
n_048_u_960_24,48,9.6,23,0.363,37
n_050_u_1000_29,50,10,23,0.35,41
n_027_u_540_27,27,5.4,14,0.134,21
n_018_u_360_34,18,3.6,10,0.0470000000000006,15
n_029_u_580_30,29,5.8,15,0.14,25
n_011_u_220_34,11,2.2,7,0.0290000000000008,9
n_015_u_300_30,15,3,9,0.0369999999999999,13
n_035_u_700_30,35,7,18,0.203,27
n_018_u_360_32,18,3.6,9,0.0650000000000004,15
n_037_u_740_31,37,7.4,18,0.212999999999999,29
n_019_u_380_33,19,3.8,12,0.0720000000000001,14
n_020_u_400_30,20,4,11,0.077,14
n_013_u_260_36,13,2.6,7,0.0309999999999997,10
n_023_u_459_32,23,4.6,12,0.0840000000000005,20
n_035_u_700_29,35,7,19,0.181,26
n_023_u_459_35,23,4.6,10,0.0869999999999997,19
n_015_u_300_26,15,3,8,0.0499999999999998,12
n_035_u_700_31,35,7,16,0.196,30
n_029_u_580_31,29,5.8,16,0.113,24
n_047_u_940_27,47,9.4,24,0.319999999999999,38
n_024_u_480_31,24,4.8,13,0.11,20
n_021_u_420_28,21,4.2,12,0.077,16
n_017_u_340_31,17,3.4,10,0.0549999999999997,12
n_040_u_800_33,40,8,19,0.181,35
n_025_u_500_39,25,5,13,0.0910000000000002,20
n_045_u_900_30,45,9,24,0.294,38
n_042_u_840_30,42,8.4,24,0.252000000000001,33
n_028_u_560_32,28,5.6,14,0.117,22
n_039_u_780_28,39,7.8,22,0.209000000000001,32
n_007_u_140_35,7,1.4,5,0.00999999999999979,5
n_046_u_920_29,46,9.2,25,0.343,40
n_006_u_120_30,6,1.2,5,0.0120000000000005,6
n_009_u_180_32,9,1.8,6,0.0150000000000006,7
n_012_u_240_32,12,2.4,7,0.0209999999999999,10
n_014_u_280_29,14,2.8,8,0.0389999999999997,12
n_044_u_880_30,44,8.8,21,0.327,34
n_024_u_480_35,24,4.8,11,0.0990000000000002,19
n_013_u_260_31,13,2.6,7,0.0300000000000002,10
n_036_u_720_30,36,7.2,18,0.215,28
n_033_u_660_30,33,6.6,16,0.172,24
n_046_u_920_28,46,9.2,24,0.287,37
n_045_u_900_29,45,9,25,0.291,37
n_026_u_520_37,26,5.2,15,0.0989999999999993,22
n_029_u_580_28,29,5.8,14,0.16,24
n_028_u_560_31,28,5.6,15,0.122,23
n_039_u_780_29,39,7.8,20,0.258999999999999,33
n_020_u_400_36,20,4,13,0.0620000000000003,14
n_011_u_220_32,11,2.2,6,0.0270000000000001,9
n_031_u_620_34,31,6.2,16,0.151,24
n_019_u_380_31,19,3.8,11,0.0539999999999994,16
n_048_u_960_26,48,9.6,23,0.357,39
n_043_u_860_31,43,8.6,22,0.300999999999999,33
n_006_u_120_31,6,1.2,4,0.00999999999999979,5
n_012_u_240_31,12,2.4,7,0.032,9
n_013_u_260_30,13,2.6,8,0.04,9
n_034_u_680_33,34,6.8,19,0.185,29
n_036_u_720_32,36,7.2,21,0.205,31
n_033_u_660_29,33,6.6,16,0.175000000000001,25
n_031_u_620_35,31,6.2,18,0.16,25
n_010_u_200_33,10,2,6,0.0219999999999994,8
n_049_u_980_32,49,9.8,22,0.367999999999999,41
n_022_u_440_33,22,4.4,12,0.0810000000000004,17
n_042_u_840_28,42,8.4,20,0.301,34
n_037_u_740_33,37,7.4,18,0.208,29
n_028_u_560_27,28,5.6,16,0.13,22
n_045_u_900_32,45,9,22,0.306,36
n_015_u_300_28,15,3,9,0.0380000000000003,10
n_033_u_660_31,33,6.6,17,0.158,27
n_040_u_800_30,40,8,24,0.23,29
n_037_u_740_35,37,7.4,19,0.227,29
n_032_u_640_34,32,6.4,17,0.170999999999999,26
n_031_u_620_33,31,6.2,18,0.173,23
n_025_u_500_33,25,5,12,0.106000000000001,19
n_050_u_1000_30,50,10,25,0.383,40
n_050_u_1000_31,50,10,23,0.385000000000001,38
n_009_u_180_30,9,1.8,6,0.0200000000000005,7
n_007_u_140_32,7,1.4,5,0.0139999999999993,6
n_045_u_900_28,45,9,21,0.372,36
n_044_u_880_33,44,8.8,21,0.297999999999999,37
n_030_u_600_32,30,6,17,0.148,24
n_026_u_520_32,26,5.2,12,0.0990000000000002,20
n_043_u_860_30,43,8.6,21,0.305,36
n_019_u_380_32,19,3.8,11,0.0659999999999998,15
n_012_u_240_34,12,2.4,7,0.0350000000000001,10
n_034_u_680_30,34,6.8,18,0.232,26
n_016_u_320_34,16,3.2,9,0.0490000000000004,14
n_041_u_819_27,41,8.2,20,0.287999999999999,31
n_041_u_819_31,41,8.2,21,0.239,33
n_034_u_680_29,34,6.8,19,0.17,26
n_045_u_900_31,45,9,24,0.345,33
n_027_u_540_30,27,5.4,13,0.133,22
n_010_u_200_32,10,2,7,0.0220000000000002,7
n_011_u_220_35,11,2.2,6,0.0300000000000002,9
n_008_u_160_33,8,1.6,5,0.0150000000000006,6
n_037_u_740_32,37,7.4,17,0.178999999999999,33
n_012_u_240_30,12,2.4,9,0.032,7
n_008_u_160_29,8,1.6,5,0.0179999999999998,7
n_038_u_760_40,38,7.6,20,0.176,32
n_036_u_720_36,36,7.2,19,0.196,30
n_017_u_340_33,17,3.4,9,0.048,15
n_005_u_100_42,5,1,3,0.00800000000000001,4
n_024_u_480_33,24,4.8,12,0.115,18
n_017_u_340_32,17,3.4,10,0.056,15
n_023_u_459_34,23,4.6,12,0.0839999999999996,17
n_026_u_520_31,26,5.2,14,0.0979999999999999,20
n_012_u_240_33,12,2.4,6,0.0270000000000001,9
n_025_u_500_32,25,5,13,0.111,20
n_047_u_940_28,47,9.4,25,0.292,38
n_036_u_720_33,36,7.2,19,0.23,29
n_040_u_800_28,40,8,20,0.263,33
n_020_u_400_33,20,4,11,0.0709999999999997,15
n_022_u_440_31,22,4.4,10,0.0760000000000005,17
n_007_u_140_30,7,1.4,5,0.0140000000000002,5
n_032_u_640_32,32,6.4,17,0.149,25
n_014_u_280_30,14,2.8,8,0.0359999999999996,11
n_018_u_360_43,18,3.6,9,0.0529999999999999,15
n_049_u_980_30,49,9.8,28,0.383,42
n_041_u_819_33,41,8.2,22,0.238,34
n_033_u_660_37,33,6.6,16,0.175000000000001,27
n_021_u_420_34,21,4.2,12,0.0770000000000008,18
n_021_u_420_30,21,4.2,12,0.077,16
n_042_u_840_31,42,8.4,23,0.311999999999999,36
n_049_u_980_29,49,9.8,23,0.388999999999999,38
n_025_u_500_35,25,5,13,0.112,21
n_008_u_160_35,8,1.6,4,0.0170000000000003,6
n_023_u_459_33,23,4.6,13,0.0970000000000004,18
n_039_u_780_38,39,7.8,22,0.213,32
n_028_u_560_29,28,5.6,15,0.156,20
n_037_u_740_36,37,7.4,20,0.23,31
n_024_u_480_36,24,4.8,15,0.103000000000001,20
n_009_u_180_33,9,1.8,5,0.0190000000000001,6
n_025_u_500_31,25,5,13,0.106999999999999,22
n_006_u_120_40,6,1.2,4,0.00900000000000034,5
n_050_u_1000_32,50,10,25,0.332999999999999,43
n_020_u_400_31,20,4,11,0.0800000000000001,15
n_016_u_320_32,16,3.2,9,0.0570000000000004,12
n_025_u_500_34,25,5,12,0.111,21
n_016_u_320_31,16,3.2,9,0.0460000000000003,13
n_048_u_960_30,48,9.6,23,0.331,41
n_042_u_840_32,42,8.4,23,0.321,31
n_029_u_580_35,29,5.8,15,0.16,22
n_041_u_819_32,41,8.2,21,0.257,34
n_032_u_640_33,32,6.4,15,0.177,25
n_048_u_960_31,48,9.6,25,0.381,35
n_035_u_700_34,35,7,20,0.223,28
n_042_u_840_29,42,8.4,21,0.272,36
n_009_u_180_34,9,1.8,6,0.0190000000000001,7
n_030_u_600_34,30,6,15,0.152,21
n_030_u_600_33,30,6,17,0.147,23
n_021_u_420_36,21,4.2,10,0.0750000000000002,17
n_008_u_160_34,8,1.6,5,0.0139999999999993,7
n_017_u_340_34,17,3.4,9,0.0519999999999996,14
n_019_u_380_41,19,3.8,10,0.0609999999999999,14
n_009_u_180_31,9,1.8,6,0.0199999999999996,6
n_041_u_819_28,41,8.2,23,0.239999999999999,35
n_015_u_300_32,15,3,9,0.0499999999999998,12
n_027_u_540_31,27,5.4,15,0.132,21
n_046_u_920_31,46,9.2,23,0.321,35
n_008_u_160_30,8,1.6,5,0.0170000000000003,7
n_022_u_440_34,22,4.4,11,0.0949999999999998,18
n_015_u_300_33,15,3,10,0.0430000000000001,12
n_031_u_620_44,31,6.2,15,0.137,26
n_038_u_760_34,38,7.6,19,0.246,30
n_048_u_960_32,48,9.6,28,0.393,39
n_005_u_100_36,5,1,3,0.0100000000000007,4
n_038_u_760_33,38,7.6,18,0.193,32
n_033_u_660_34,33,6.6,16,0.184,26
n_037_u_740_34,37,7.4,19,0.209,29
n_039_u_780_33,39,7.8,19,0.252,31
n_044_u_880_35,44,8.8,22,0.324999999999999,35
n_036_u_720_35,36,7.2,19,0.21,28
n_006_u_120_35,6,1.2,4,0.00800000000000001,5
n_013_u_260_33,13,2.6,7,0.0369999999999999,11
n_049_u_980_31,49,9.8,22,0.362,41
n_040_u_800_31,40,8,20,0.243,31
n_045_u_900_35,45,9,21,0.286,36
n_005_u_100_35,5,1,3,0.0270000000000001,4
n_046_u_920_32,46,9.2,24,0.303,38
n_015_u_300_34,15,3,10,0.0409999999999995,12
n_029_u_580_32,29,5.8,16,0.116000000000001,26
n_011_u_220_37,11,2.2,8,0.0259999999999998,11
n_044_u_880_36,44,8.8,21,0.323,35
n_007_u_140_33,7,1.4,5,0.016,7
n_046_u_920_30,46,9.2,27,0.33,40
n_022_u_440_35,22,4.4,12,0.0999999999999996,20
n_021_u_420_35,21,4.2,11,0.0919999999999996,16
n_039_u_780_32,39,7.8,19,0.242,33
n_029_u_580_33,29,5.8,16,0.137,25
n_047_u_940_34,47,9.4,23,0.348,37
n_006_u_120_34,6,1.2,4,0.0109999999999992,5
n_034_u_680_31,34,6.8,18,0.194,27
n_018_u_360_37,18,3.6,10,0.0600000000000005,16
n_050_u_1000_34,50,10,23,0.332999999999999,40
n_012_u_240_37,12,2.4,6,0.0339999999999998,10
n_035_u_700_32,35,7,20,0.241,27
n_049_u_980_33,49,9.8,24,0.357,40
n_011_u_220_38,11,2.2,5,0.024,10
n_043_u_860_33,43,8.6,24,0.31,33
n_022_u_440_32,22,4.4,11,0.101,17
n_021_u_420_31,21,4.2,10,0.0830000000000002,17
n_013_u_260_34,13,2.6,8,0.0369999999999999,11
n_034_u_680_35,34,6.8,19,0.213,28
n_044_u_880_34,44,8.8,23,0.335999999999999,35
n_013_u_260_32,13,2.6,8,0.0340000000000007,10
n_016_u_320_33,16,3.2,9,0.0569999999999995,13
n_019_u_380_36,19,3.8,11,0.069,15
n_010_u_200_35,10,2,6,0.024,8
n_014_u_280_36,14,2.8,8,0.0380000000000003,11
n_018_u_360_36,18,3.6,10,0.0609999999999999,16
n_028_u_560_33,28,5.6,14,0.121,23
n_037_u_740_37,37,7.4,20,0.21,31
n_038_u_760_36,38,7.6,19,0.225,29
n_011_u_220_36,11,2.2,5,0.0229999999999997,10
n_030_u_600_35,30,6,15,0.147,24
n_047_u_940_30,47,9.4,24,0.327999999999999,39
n_032_u_640_42,32,6.4,18,0.152,28
n_041_u_819_30,41,8.2,20,0.224,31
n_005_u_100_38,5,1,4,0.00699999999999967,4
n_036_u_720_34,36,7.2,17,0.23,28
n_016_u_320_35,16,3.2,9,0.0460000000000003,13
n_028_u_560_34,28,5.6,16,0.123,22
n_017_u_340_36,17,3.4,10,0.0570000000000004,13
n_019_u_380_35,19,3.8,10,0.0629999999999997,15
n_020_u_400_34,20,4,11,0.0830000000000002,16
n_033_u_660_32,33,6.6,18,0.213,25
n_008_u_160_32,8,1.6,6,0.0149999999999997,6
n_050_u_1000_36,50,10,24,0.39,39
n_038_u_760_32,38,7.6,22,0.245,29
n_026_u_520_34,26,5.2,14,0.118,19
n_024_u_480_39,24,4.8,14,0.0819999999999999,19
n_024_u_480_38,24,4.8,11,0.108,20
n_005_u_100_34,5,1,4,0.00800000000000001,4
n_046_u_920_38,46,9.2,23,0.291,37
n_014_u_280_32,14,2.8,8,0.0490000000000004,11
n_050_u_1000_33,50,10,24,0.373,37
n_034_u_680_37,34,6.8,17,0.204,26
n_028_u_560_35,28,5.6,13,0.124000000000001,23
n_049_u_980_37,49,9.8,24,0.372999999999999,40
n_047_u_940_31,47,9.4,24,0.406000000000001,38
n_038_u_760_35,38,7.6,19,0.252,31
n_017_u_340_38,17,3.4,7,0.0499999999999998,14
n_005_u_100_37,5,1,3,0.00699999999999967,4
n_026_u_520_35,26,5.2,14,0.108,21
n_018_u_360_39,18,3.6,10,0.0679999999999996,14
n_025_u_500_38,25,5,13,0.117999999999999,21
n_013_u_260_40,13,2.6,7,0.0300000000000002,11
n_045_u_900_33,45,9,25,0.347,35
n_021_u_420_33,21,4.2,12,0.0670000000000002,16
n_023_u_459_36,23,4.6,13,0.105,18
n_026_u_520_33,26,5.2,15,0.119,21
n_035_u_700_35,35,7,17,0.216,27
n_024_u_480_37,24,4.8,14,0.0979999999999999,18
n_049_u_980_34,49,9.8,28,0.391,37
n_014_u_280_33,14,2.8,8,0.0389999999999997,11
n_012_u_240_35,12,2.4,8,0.0279999999999996,10
n_016_u_320_39,16,3.2,8,0.0489999999999995,12
n_017_u_340_35,17,3.4,10,0.0550000000000006,15
n_018_u_360_35,18,3.6,11,0.0649999999999995,14
n_027_u_540_37,27,5.4,15,0.122,23
n_043_u_860_35,43,8.6,22,0.271999999999999,36
n_042_u_840_36,42,8.4,20,0.292,33
n_031_u_620_38,31,6.2,16,0.161,26
n_044_u_880_45,44,8.8,22,0.239,37
n_035_u_700_36,35,7,18,0.184,28
n_043_u_860_34,43,8.6,21,0.282999999999999,32
n_029_u_580_34,29,5.8,15,0.153,21
n_040_u_800_32,40,8,20,0.259,31
n_009_u_180_38,9,1.8,5,0.0190000000000001,8
n_031_u_620_37,31,6.2,17,0.146999999999999,26
n_018_u_360_38,18,3.6,10,0.0619999999999994,15
n_034_u_680_36,34,6.8,17,0.196,29
n_010_u_200_37,10,2,5,0.024,9
n_034_u_680_32,34,6.8,18,0.176,26
n_011_u_220_47,11,2.2,7,0.0199999999999996,9
n_016_u_320_36,16,3.2,9,0.0449999999999999,13
n_032_u_640_37,32,6.4,17,0.16,25
n_029_u_580_36,29,5.8,16,0.140999999999999,25
n_007_u_140_34,7,1.4,4,0.016,5
n_010_u_200_36,10,2,6,0.0259999999999998,8
n_030_u_600_37,30,6,16,0.138,24
n_045_u_900_34,45,9,25,0.324,39
n_035_u_700_33,35,7,19,0.194,29
n_026_u_520_41,26,5.2,14,0.0809999999999995,20
n_027_u_540_33,27,5.4,14,0.107,23
n_048_u_960_35,48,9.6,25,0.337000000000001,39
n_012_u_240_36,12,2.4,8,0.032,11
n_032_u_640_36,32,6.4,19,0.173,24
n_050_u_1000_37,50,10,26,0.417000000000001,41
n_025_u_500_36,25,5,14,0.0949999999999998,21
n_030_u_600_39,30,6,16,0.132,25
n_042_u_840_34,42,8.4,21,0.263,36
n_022_u_440_39,22,4.4,11,0.077,18
n_015_u_300_37,15,3,10,0.0410000000000004,12
n_033_u_660_35,33,6.6,18,0.198,25
n_020_u_400_35,20,4,11,0.0680000000000005,16
n_041_u_819_35,41,8.2,21,0.217000000000001,33
n_024_u_480_48,24,4.8,12,0.0819999999999999,19
n_046_u_920_35,46,9.2,23,0.326000000000001,36
n_009_u_180_36,9,1.8,4,0.0139999999999993,8
n_034_u_680_34,34,6.8,18,0.139,27
n_027_u_540_34,27,5.4,17,0.122999999999999,21
n_023_u_459_38,23,4.6,12,0.0910000000000002,18
n_042_u_840_33,42,8.4,22,0.301,34
n_031_u_620_40,31,6.2,15,0.164,25
n_008_u_160_37,8,1.6,4,0.0150000000000006,6
n_050_u_1000_35,50,10,23,0.343,41
n_023_u_459_37,23,4.6,15,0.0969999999999995,18
n_009_u_180_35,9,1.8,6,0.0179999999999998,7
n_037_u_740_40,37,7.4,18,0.213,30
n_037_u_740_39,37,7.4,19,0.214,28
n_030_u_600_36,30,6,16,0.147,25
n_017_u_340_39,17,3.4,10,0.0599999999999996,13
n_041_u_819_36,41,8.2,23,0.206,35
n_029_u_580_40,29,5.8,15,0.153,22
n_043_u_860_36,43,8.6,21,0.264,37
n_013_u_260_37,13,2.6,8,0.0380000000000003,10
n_041_u_819_34,41,8.2,20,0.278,32
n_045_u_900_43,45,9,24,0.267,37
n_039_u_780_35,39,7.8,18,0.238,31
n_038_u_760_39,38,7.6,19,0.2,30
n_008_u_160_38,8,1.6,4,0.0149999999999997,6
n_008_u_160_36,8,1.6,5,0.0150000000000006,7
n_031_u_620_36,31,6.2,18,0.174,26
n_036_u_720_37,36,7.2,18,0.192,30
n_005_u_100_41,5,1,3,0.00900000000000034,4
n_006_u_120_37,6,1.2,3,0.00900000000000034,5
n_010_u_200_38,10,2,6,0.024,8
n_031_u_620_39,31,6.2,18,0.151999999999999,24
n_029_u_580_37,29,5.8,15,0.149,23
n_025_u_500_37,25,5,13,0.109,21
n_048_u_960_33,48,9.6,23,0.342,39
n_047_u_940_32,47,9.4,23,0.35,38
n_012_u_240_45,12,2.4,8,0.032,9
n_017_u_340_37,17,3.4,9,0.0609999999999999,13
n_037_u_740_38,37,7.4,19,0.215,32
n_039_u_780_36,39,7.8,21,0.239,31
n_049_u_980_36,49,9.8,24,0.412,39
n_022_u_440_37,22,4.4,14,0.093,16
n_039_u_780_34,39,7.8,19,0.226,32
n_047_u_940_36,47,9.4,24,0.35,38
n_021_u_420_38,21,4.2,11,0.0810000000000004,17
n_006_u_120_38,6,1.2,3,0.0100000000000007,4
n_046_u_920_33,46,9.2,21,0.31,40
n_006_u_120_36,6,1.2,4,0.0129999999999999,5
n_049_u_980_35,49,9.8,27,0.332999999999999,40
n_047_u_940_38,47,9.4,22,0.291,40
n_018_u_360_42,18,3.6,9,0.0580000000000007,12
n_022_u_440_36,22,4.4,11,0.0949999999999998,16
n_014_u_280_34,14,2.8,8,0.0430000000000001,12
n_015_u_300_35,15,3,9,0.0509999999999993,12
n_021_u_420_39,21,4.2,11,0.0760000000000005,17
n_028_u_560_38,28,5.6,14,0.142,22
n_050_u_1000_38,50,10,26,0.364999999999999,41
n_014_u_280_38,14,2.8,9,0.0369999999999999,10
n_021_u_420_37,21,4.2,11,0.0760000000000005,18
n_019_u_380_38,19,3.8,11,0.0739999999999998,15
n_040_u_800_38,40,8,22,0.252,32
n_042_u_840_35,42,8.4,23,0.238,35
n_013_u_260_35,13,2.6,7,0.0380000000000003,11
n_016_u_320_38,16,3.2,8,0.0520000000000005,12
n_007_u_140_40,7,1.4,4,0.016,5
n_014_u_280_40,14,2.8,9,0.0369999999999999,11
n_016_u_320_37,16,3.2,8,0.0449999999999999,12
n_009_u_180_37,9,1.8,5,0.0190000000000001,8
n_023_u_459_39,23,4.6,12,0.101,19
n_026_u_520_38,26,5.2,15,0.126,23
n_044_u_880_39,44,8.8,20,0.279000000000001,37
n_019_u_380_37,19,3.8,10,0.0609999999999999,15
n_019_u_380_39,19,3.8,11,0.0789999999999997,16
n_033_u_660_36,33,6.6,15,0.187,25
n_036_u_720_39,36,7.2,19,0.181999999999999,30
n_035_u_700_40,35,7,23,0.201000000000001,29
n_017_u_340_40,17,3.4,9,0.056,13
n_011_u_220_41,11,2.2,6,0.0229999999999997,8
n_030_u_600_40,30,6,17,0.164,22
n_042_u_840_37,42,8.4,21,0.284,34
n_039_u_780_42,39,7.8,20,0.283,29
n_025_u_500_46,25,5,14,0.137,21
n_006_u_120_44,6,1.2,4,0.0119999999999996,4
n_038_u_760_37,38,7.6,20,0.250999999999999,31
n_030_u_600_38,30,6,16,0.146,25
n_009_u_180_39,9,1.8,6,0.024,7
n_048_u_960_36,48,9.6,25,0.361000000000001,36
n_040_u_800_34,40,8,19,0.298,32
n_020_u_400_41,20,4,10,0.0810000000000004,15
n_048_u_960_37,48,9.6,26,0.336,40
n_005_u_100_39,5,1,4,0.00800000000000001,4
n_040_u_800_35,40,8,18,0.234,34
n_043_u_860_38,43,8.6,21,0.316,35
n_007_u_140_36,7,1.4,5,0.0129999999999999,6
n_045_u_900_38,45,9,24,0.33,34
n_007_u_140_37,7,1.4,4,0.0110000000000001,5
n_037_u_740_49,37,7.4,18,0.253,30
n_036_u_720_38,36,7.2,19,0.226999999999999,30
n_047_u_940_37,47,9.4,24,0.340999999999999,38
n_027_u_540_35,27,5.4,14,0.13,21
n_022_u_440_38,22,4.4,12,0.0919999999999996,18
n_026_u_520_36,26,5.2,15,0.116000000000001,22
n_010_u_200_40,10,2,5,0.0209999999999999,9
n_027_u_540_39,27,5.4,15,0.134,22
n_034_u_680_39,34,6.8,18,0.175,27
n_028_u_560_36,28,5.6,17,0.154,22
n_019_u_380_45,19,3.8,10,0.0499999999999998,17
n_012_u_240_40,12,2.4,7,0.0279999999999996,10
n_031_u_620_43,31,6.2,17,0.163,23
n_015_u_300_39,15,3,8,0.0449999999999999,12
n_015_u_300_38,15,3,8,0.0520000000000005,12
n_048_u_960_34,48,9.6,24,0.353000000000001,39
n_027_u_540_41,27,5.4,16,0.127000000000001,22
n_035_u_700_38,35,7,19,0.194999999999999,28
n_024_u_480_42,24,4.8,14,0.0950000000000006,21
n_014_u_280_39,14,2.8,7,0.0369999999999999,12
n_043_u_860_40,43,8.6,24,0.314,34
n_047_u_940_33,47,9.4,22,0.383,36
n_045_u_900_37,45,9,23,0.332999999999999,34
n_038_u_760_38,38,7.6,21,0.226,31
n_018_u_360_40,18,3.6,9,0.0619999999999994,14
n_029_u_580_39,29,5.8,17,0.157,22
n_005_u_100_40,5,1,3,0.00700000000000056,4
n_029_u_580_38,29,5.8,16,0.153,22
n_022_u_440_40,22,4.4,12,0.0810000000000004,19
n_020_u_400_37,20,4,10,0.0669999999999993,18
n_044_u_880_38,44,8.8,22,0.407,34
n_035_u_700_37,35,7,17,0.196999999999999,28
n_010_u_200_42,10,2,6,0.0229999999999997,8
n_034_u_680_38,34,6.8,18,0.184,27
n_034_u_680_40,34,6.8,18,0.189,29
n_046_u_920_36,46,9.2,24,0.331,39
n_015_u_300_36,15,3,8,0.0410000000000004,13
n_012_u_240_39,12,2.4,8,0.0269999999999992,9
n_032_u_640_38,32,6.4,18,0.156,25
n_014_u_280_35,14,2.8,8,0.032,12
n_043_u_860_37,43,8.6,21,0.300000000000001,34
n_044_u_880_41,44,8.8,22,0.319,35
n_020_u_400_38,20,4,9,0.0780000000000003,16
n_042_u_840_38,42,8.4,19,0.267,34
n_032_u_640_40,32,6.4,16,0.157999999999999,29
n_047_u_940_35,47,9.4,22,0.336,38
n_032_u_640_39,32,6.4,15,0.21,24
n_011_u_220_40,11,2.2,6,0.032,9
n_023_u_459_41,23,4.6,13,0.085,21
n_010_u_200_39,10,2,6,0.0209999999999999,9
n_042_u_840_41,42,8.4,20,0.317,32
n_009_u_180_40,9,1.8,5,0.0190000000000001,8
n_011_u_220_43,11,2.2,6,0.0270000000000001,9
n_013_u_260_38,13,2.6,8,0.0369999999999999,11
n_036_u_720_40,36,7.2,20,0.201,30
n_030_u_600_41,30,6,15,0.179,22
n_009_u_180_43,9,1.8,6,0.0179999999999998,7
n_025_u_500_41,25,5,15,0.0919999999999996,21
n_018_u_360_41,18,3.6,10,0.0670000000000002,14
n_014_u_280_37,14,2.8,8,0.0350000000000001,11
n_044_u_880_37,44,8.8,24,0.316,36
n_038_u_760_47,38,7.6,19,0.17,32
n_044_u_880_40,44,8.8,22,0.326,34
n_039_u_780_39,39,7.8,23,0.225000000000001,31
n_005_u_100_49,5,1,3,0.00699999999999967,4
n_011_u_220_39,11,2.2,8,0.0220000000000002,9
n_049_u_980_38,49,9.8,25,0.343,42
n_041_u_819_39,41,8.2,20,0.271,33
n_006_u_120_41,6,1.2,5,0.0119999999999996,6
n_023_u_459_43,23,4.6,13,0.0880000000000001,19
n_028_u_560_40,28,5.6,16,0.128,22
n_011_u_220_42,11,2.2,6,0.0209999999999999,9
n_028_u_560_39,28,5.6,16,0.129,20
n_050_u_1000_41,50,10,26,0.386,39
n_008_u_160_41,8,1.6,5,0.0149999999999997,6
n_027_u_540_40,27,5.4,15,0.127999999999999,21
n_025_u_500_40,25,5,13,0.0960000000000001,19
n_032_u_640_46,32,6.4,17,0.149,26
n_035_u_700_39,35,7,18,0.178999999999999,30
n_050_u_1000_40,50,10,25,0.406000000000001,43
n_022_u_440_41,22,4.4,12,0.0830000000000002,17
n_024_u_480_41,24,4.8,12,0.0880000000000001,19
n_028_u_560_37,28,5.6,14,0.12,22
n_024_u_480_44,24,4.8,14,0.0889999999999995,20
n_031_u_620_41,31,6.2,15,0.149,26
n_018_u_360_50,18,3.6,9,0.0579999999999998,13
n_016_u_320_40,16,3.2,10,0.0499999999999998,13
n_023_u_459_40,23,4.6,12,0.103,18
n_017_u_340_43,17,3.4,9,0.0439999999999996,14
n_022_u_440_44,22,4.4,13,0.0880000000000001,18
n_027_u_540_36,27,5.4,15,0.135,20
n_033_u_660_42,33,6.6,17,0.242,26
n_026_u_520_39,26,5.2,17,0.117,22
n_019_u_380_42,19,3.8,11,0.0759999999999996,15
n_017_u_340_42,17,3.4,9,0.0519999999999996,14
n_050_u_1000_39,50,10,26,0.407,39
n_043_u_860_41,43,8.6,21,0.291,36
n_033_u_660_38,33,6.6,16,0.181,27
n_039_u_780_37,39,7.8,21,0.237,31
n_033_u_660_39,33,6.6,17,0.168,27
n_037_u_740_43,37,7.4,20,0.21,31
n_046_u_920_37,46,9.2,22,0.321,37
n_021_u_420_42,21,4.2,10,0.0820000000000007,18
n_024_u_480_40,24,4.8,15,0.101999999999999,19
n_027_u_540_38,27,5.4,16,0.132,21
n_006_u_120_39,6,1.2,4,0.0100000000000007,5
n_040_u_800_36,40,8,20,0.258,33
n_024_u_480_43,24,4.8,12,0.0999999999999996,21
n_010_u_200_43,10,2,7,0.0230000000000006,8
n_035_u_700_41,35,7,17,0.208,27
n_031_u_620_42,31,6.2,17,0.146999999999999,28
n_007_u_140_38,7,1.4,4,0.0129999999999999,6
n_040_u_800_42,40,8,21,0.241,32
n_040_u_800_40,40,8,18,0.264,34
n_007_u_140_44,7,1.4,4,0.00999999999999979,6
n_013_u_260_39,13,2.6,7,0.0350000000000001,10
n_041_u_819_37,41,8.2,20,0.269,34
n_017_u_340_41,17,3.4,10,0.0570000000000004,13
n_007_u_140_42,7,1.4,5,0.0150000000000006,5
n_048_u_960_41,48,9.6,26,0.364,37
n_043_u_860_39,43,8.6,22,0.324999999999999,34
n_042_u_840_39,42,8.4,22,0.243,34
n_036_u_720_42,36,7.2,17,0.207999999999999,27
n_047_u_940_40,47,9.4,24,0.289,39
n_008_u_160_39,8,1.6,5,0.0149999999999997,7
n_042_u_840_40,42,8.4,22,0.26,34
n_019_u_380_40,19,3.8,9,0.0609999999999999,17
n_044_u_880_44,44,8.8,23,0.29,38
n_009_u_180_41,9,1.8,5,0.024,5
n_010_u_200_41,10,2,6,0.0249999999999995,7
n_036_u_720_44,36,7.2,20,0.175,31
n_009_u_180_42,9,1.8,6,0.0200000000000005,8
n_050_u_1000_50,50,10,24,0.337999999999999,41
n_011_u_220_46,11,2.2,5,0.0200000000000005,10
n_048_u_960_39,48,9.6,25,0.306,39
n_015_u_300_43,15,3,8,0.0439999999999996,13
n_029_u_580_41,29,5.8,14,0.145,24
n_049_u_980_40,49,9.8,26,0.412999999999999,37
n_014_u_280_42,14,2.8,9,0.0379999999999994,11
n_038_u_760_42,38,7.6,19,0.228,30
n_045_u_900_40,45,9,22,0.261,38
n_005_u_100_44,5,1,5,0.00999999999999979,5
n_020_u_400_39,20,4,11,0.0889999999999995,15
n_035_u_700_42,35,7,16,0.183999999999999,27
n_020_u_400_43,20,4,11,0.0739999999999998,16
n_012_u_240_42,12,2.4,7,0.0250000000000004,9
n_030_u_600_44,30,6,17,0.174,24
n_023_u_459_44,23,4.6,13,0.124000000000001,18
n_037_u_740_42,37,7.4,22,0.202999999999999,30
n_015_u_300_41,15,3,10,0.0449999999999999,13
n_047_u_940_41,47,9.4,23,0.323,40
n_021_u_420_40,21,4.2,11,0.0789999999999997,16
n_020_u_400_45,20,4,10,0.107,17
n_016_u_320_42,16,3.2,9,0.0449999999999999,13
n_038_u_760_41,38,7.6,19,0.229,32
n_047_u_940_39,47,9.4,25,0.335,35
n_041_u_819_41,41,8.2,21,0.246,32
n_035_u_700_45,35,7,19,0.195,29
n_005_u_100_43,5,1,3,0.00800000000000001,4
n_026_u_520_40,26,5.2,11,0.122999999999999,22
n_045_u_900_39,45,9,22,0.335,36
n_040_u_800_41,40,8,20,0.244,32
n_037_u_740_45,37,7.4,18,0.219,28
n_022_u_440_43,22,4.4,11,0.0800000000000001,18
n_022_u_440_42,22,4.4,12,0.0880000000000001,20
n_008_u_160_43,8,1.6,5,0.0129999999999999,7
n_030_u_600_43,30,6,19,0.181,24
n_018_u_360_45,18,3.6,10,0.0570000000000004,14
n_023_u_459_42,23,4.6,13,0.0930000000000009,18
n_045_u_900_41,45,9,22,0.338,37
n_048_u_960_38,48,9.6,25,0.362,40
n_007_u_140_43,7,1.4,5,0.0149999999999997,5
n_041_u_819_40,41,8.2,22,0.27,33
n_036_u_720_41,36,7.2,19,0.232,29
n_014_u_280_43,14,2.8,9,0.0439999999999996,11
n_032_u_640_43,32,6.4,17,0.207,27
n_012_u_240_41,12,2.4,6,0.0270000000000001,11
n_014_u_280_41,14,2.8,10,0.0369999999999999,11
n_024_u_480_47,24,4.8,12,0.100000000000001,18
n_008_u_160_42,8,1.6,4,0.0119999999999996,7
n_041_u_819_38,41,8.2,20,0.251,34
n_045_u_900_47,45,9,24,0.272,36
n_030_u_600_42,30,6,15,0.149999999999999,23
n_012_u_240_43,12,2.4,8,0.032,9
n_049_u_980_39,49,9.8,24,0.459,36
n_034_u_680_43,34,6.8,19,0.208,25
n_040_u_800_39,40,8,21,0.205,34
n_008_u_160_40,8,1.6,5,0.0169999999999995,6
n_015_u_300_40,15,3,8,0.0380000000000003,13
n_037_u_740_41,37,7.4,22,0.217,30
n_032_u_640_41,32,6.4,16,0.149999999999999,27
n_028_u_560_44,28,5.6,13,0.125,23
n_018_u_360_44,18,3.6,11,0.0619999999999994,13
n_007_u_140_41,7,1.4,5,0.0110000000000001,7
n_012_u_240_49,12,2.4,7,0.0270000000000001,10
n_039_u_780_40,39,7.8,20,0.250999999999999,30
n_044_u_880_42,44,8.8,23,0.28,37
n_006_u_120_42,6,1.2,4,0.00900000000000034,6
n_021_u_420_44,21,4.2,11,0.069,17
n_025_u_500_43,25,5,13,0.108000000000001,21
n_043_u_860_42,43,8.6,24,0.375999999999999,33
n_037_u_740_44,37,7.4,18,0.237,30
n_040_u_800_37,40,8,21,0.286,30
n_011_u_220_44,11,2.2,5,0.024,10
n_020_u_400_44,20,4,11,0.077,16
n_007_u_140_39,7,1.4,4,0.0120000000000005,6
n_010_u_200_44,10,2,6,0.0209999999999999,9
n_016_u_320_41,16,3.2,10,0.0549999999999997,14
n_021_u_420_43,21,4.2,12,0.0729999999999995,18
n_027_u_540_43,27,5.4,15,0.17,20
n_028_u_560_42,28,5.6,14,0.14,23
n_049_u_980_41,49,9.8,24,0.423,41
n_020_u_400_42,20,4,11,0.0720000000000001,14
n_033_u_660_40,33,6.6,16,0.182,26
n_021_u_420_41,21,4.2,11,0.0840000000000005,18
n_029_u_580_43,29,5.8,16,0.157,23
n_025_u_500_42,25,5,14,0.115,20
n_033_u_660_46,33,6.6,16,0.16,26
n_019_u_380_43,19,3.8,10,0.0659999999999998,15
n_033_u_660_44,33,6.6,18,0.182,27
n_048_u_960_40,48,9.6,27,0.376,39
n_027_u_540_42,27,5.4,13,0.12,23
n_046_u_920_43,46,9.2,22,0.341,37
n_025_u_500_44,25,5,14,0.109999999999999,22
n_025_u_500_50,25,5,13,0.093,21
n_031_u_620_46,31,6.2,16,0.149999999999999,26
n_027_u_540_44,27,5.4,17,0.14,23
n_046_u_920_40,46,9.2,23,0.331,37
n_046_u_920_39,46,9.2,24,0.34,37
n_016_u_320_43,16,3.2,8,0.0459999999999994,12
n_034_u_680_41,34,6.8,17,0.191,28
n_044_u_880_43,44,8.8,20,0.316999999999999,36
n_024_u_480_45,24,4.8,12,0.0860000000000003,19
n_020_u_400_40,20,4,11,0.0799999999999992,16
n_013_u_260_45,13,2.6,8,0.0300000000000002,10
n_015_u_300_42,15,3,7,0.0430000000000001,13
n_028_u_560_41,28,5.6,15,0.134,24
n_023_u_459_45,23,4.6,12,0.0899999999999999,19
n_013_u_260_41,13,2.6,8,0.0289999999999999,10
n_013_u_260_42,13,2.6,8,0.032,12
n_035_u_700_44,35,7,17,0.199,28
n_011_u_220_45,11,2.2,6,0.0280000000000005,10
n_031_u_620_45,31,6.2,16,0.15,26
n_042_u_840_42,42,8.4,20,0.274999999999999,33
n_035_u_700_43,35,7,19,0.212,28
n_048_u_960_42,48,9.6,23,0.367,37
n_039_u_780_41,39,7.8,21,0.23,32
n_036_u_720_43,36,7.2,19,0.217000000000001,27
n_009_u_180_44,9,1.8,5,0.0209999999999999,7
n_006_u_120_43,6,1.2,4,0.0110000000000001,5
n_036_u_720_45,36,7.2,21,0.266,29
n_050_u_1000_44,50,10,27,0.411,37
n_037_u_740_48,37,7.4,21,0.231000000000001,28
n_034_u_680_45,34,6.8,16,0.185,27
n_029_u_580_42,29,5.8,16,0.161,22
n_015_u_300_44,15,3,7,0.0420000000000007,13
n_043_u_860_44,43,8.6,22,0.261,35
n_043_u_860_45,43,8.6,24,0.302,37
n_033_u_660_45,33,6.6,18,0.181999999999999,27
n_048_u_960_43,48,9.6,24,0.326,42
n_026_u_520_46,26,5.2,15,0.100000000000001,22
n_010_u_200_46,10,2,5,0.0229999999999997,8
n_038_u_760_44,38,7.6,19,0.213,30
n_010_u_200_47,10,2,6,0.0250000000000004,8
n_049_u_980_43,49,9.8,26,0.406,39
n_033_u_660_43,33,6.6,16,0.167,28
n_005_u_100_46,5,1,4,0.00899999999999945,5
n_029_u_580_44,29,5.8,17,0.130999999999999,22
n_019_u_380_44,19,3.8,10,0.0629999999999997,16
n_043_u_860_43,43,8.6,22,0.269,36
n_024_u_480_46,24,4.8,11,0.102,20
n_028_u_560_43,28,5.6,15,0.119,23
n_026_u_520_43,26,5.2,14,0.107,22
n_022_u_440_45,22,4.4,12,0.0789999999999997,18
n_017_u_340_46,17,3.4,10,0.0670000000000002,13
n_026_u_520_42,26,5.2,14,0.114,22
n_034_u_680_44,34,6.8,16,0.212,27
n_041_u_819_45,41,8.2,20,0.263,32
n_034_u_680_42,34,6.8,17,0.186,27
n_010_u_200_45,10,2,8,0.0230000000000006,8
n_032_u_640_44,32,6.4,18,0.19,26
n_008_u_160_47,8,1.6,4,0.016,6
n_049_u_980_45,49,9.8,24,0.423,39
n_016_u_320_45,16,3.2,10,0.0449999999999999,14
n_045_u_900_44,45,9,25,0.323,36
n_050_u_1000_43,50,10,24,0.377999999999999,39
n_018_u_360_47,18,3.6,10,0.0599999999999996,13
n_033_u_660_41,33,6.6,16,0.185,25
n_015_u_300_45,15,3,8,0.0889999999999995,11
n_045_u_900_42,45,9,23,0.318000000000001,35
n_038_u_760_43,38,7.6,20,0.234,31
n_016_u_320_47,16,3.2,9,0.0380000000000003,13
n_023_u_459_47,23,4.6,13,0.0880000000000001,19
n_040_u_800_44,40,8,21,0.276000000000001,32
n_005_u_100_45,5,1,3,0.00900000000000034,3
n_012_u_240_46,12,2.4,7,0.0369999999999999,9
n_028_u_560_45,28,5.6,14,0.133,21
n_036_u_720_46,36,7.2,17,0.206,30
n_023_u_459_48,23,4.6,10,0.101000000000001,19
n_007_u_140_46,7,1.4,4,0.0150000000000006,6
n_042_u_840_44,42,8.4,22,0.263,33
n_012_u_240_44,12,2.4,6,0.0259999999999998,11
n_038_u_760_45,38,7.6,20,0.251,29
n_040_u_800_45,40,8,19,0.242,34
n_037_u_740_46,37,7.4,20,0.228,32
n_017_u_340_45,17,3.4,10,0.0469999999999997,13
n_005_u_100_47,5,1,3,0.00800000000000001,3
n_021_u_420_48,21,4.2,12,0.0790000000000006,18
n_049_u_980_42,49,9.8,25,0.397,40
n_007_u_140_47,7,1.4,5,0.0150000000000006,7
n_009_u_180_46,9,1.8,5,0.0220000000000002,8
n_041_u_819_43,41,8.2,20,0.31,32
n_048_u_960_46,48,9.6,25,0.438,38
n_046_u_920_41,46,9.2,21,0.3,39
n_023_u_459_46,23,4.6,12,0.102,19
n_046_u_920_47,46,9.2,22,0.298999999999999,36
n_050_u_1000_42,50,10,27,0.385000000000001,39
n_008_u_160_45,8,1.6,5,0.016,7
n_018_u_360_46,18,3.6,11,0.0600000000000005,13
n_047_u_940_44,47,9.4,25,0.407,36
n_050_u_1000_46,50,10,23,0.457,43
n_015_u_300_48,15,3,8,0.0300000000000002,13
n_016_u_320_44,16,3.2,8,0.0499999999999998,13
n_013_u_260_43,13,2.6,7,0.0389999999999997,10
n_046_u_920_45,46,9.2,24,0.329,35
n_044_u_880_47,44,8.8,22,0.316,37
n_013_u_260_49,13,2.6,7,0.032,11
n_018_u_360_48,18,3.6,10,0.0609999999999999,13
n_040_u_800_43,40,8,23,0.332,31
n_014_u_280_46,14,2.8,8,0.032,11
n_020_u_400_48,20,4,12,0.0650000000000004,17
n_007_u_140_45,7,1.4,5,0.0110000000000001,7
n_039_u_780_47,39,7.8,22,0.207,32
n_041_u_819_42,41,8.2,21,0.305000000000001,31
n_011_u_220_49,11,2.2,7,0.0220000000000002,9
n_029_u_580_48,29,5.8,14,0.117999999999999,24
n_017_u_340_44,17,3.4,10,0.0570000000000004,14
n_006_u_120_49,6,1.2,5,0.0129999999999999,6
n_028_u_560_46,28,5.6,15,0.133999999999999,21
n_050_u_1000_45,50,10,26,0.428,38
n_008_u_160_44,8,1.6,5,0.016,6
n_020_u_400_47,20,4,10,0.114,15
n_017_u_340_48,17,3.4,8,0.056,15
n_013_u_260_47,13,2.6,7,0.0419999999999998,10
n_029_u_580_46,29,5.8,16,0.170000000000001,23
n_030_u_600_47,30,6,15,0.202000000000001,22
n_032_u_640_45,32,6.4,17,0.214,24
n_042_u_840_43,42,8.4,21,0.262,35
n_037_u_740_47,37,7.4,17,0.222,29
n_025_u_500_47,25,5,14,0.157,20
n_009_u_180_45,9,1.8,4,0.0200000000000005,7
n_030_u_600_46,30,6,17,0.138,25
n_035_u_700_46,35,7,17,0.242999999999999,25
n_021_u_420_46,21,4.2,12,0.108,17
n_020_u_400_46,20,4,13,0.0620000000000003,16
n_025_u_500_45,25,5,14,0.159000000000001,20
n_039_u_780_43,39,7.8,19,0.246,31
n_022_u_440_47,22,4.4,13,0.136,17
n_044_u_880_46,44,8.8,23,0.353,35
n_028_u_560_49,28,5.6,15,0.105,24
n_019_u_380_50,19,3.8,11,0.0589999999999993,16
n_006_u_120_45,6,1.2,4,0.00899999999999945,5
n_039_u_780_44,39,7.8,20,0.265000000000001,33
n_026_u_520_50,26,5.2,15,0.100000000000001,19
n_031_u_620_48,31,6.2,17,0.215,24
n_048_u_960_45,48,9.6,26,0.378,38
n_006_u_120_46,6,1.2,4,0.0100000000000007,5
n_047_u_940_42,47,9.4,24,0.425999999999999,38
n_046_u_920_44,46,9.2,24,0.301,35
n_027_u_540_47,27,5.4,13,0.122000000000001,22
n_024_u_480_50,24,4.8,12,0.117,20
n_026_u_520_48,26,5.2,15,0.0989999999999993,20
n_036_u_720_48,36,7.2,19,0.242999999999999,29
n_029_u_580_45,29,5.8,15,0.152,24
n_017_u_340_47,17,3.4,9,0.112,13
n_015_u_300_47,15,3,7,0.0469999999999997,13
n_026_u_520_44,26,5.2,14,0.156,23
n_042_u_840_45,42,8.4,22,0.327999999999999,34
n_041_u_819_44,41,8.2,21,0.325,34
n_034_u_680_49,34,6.8,19,0.216,29
n_013_u_260_46,13,2.6,7,0.032,10
n_011_u_220_48,11,2.2,5,0.0730000000000004,10
n_021_u_420_45,21,4.2,11,0.125999999999999,18
n_019_u_380_46,19,3.8,11,0.0680000000000005,13
n_047_u_940_46,47,9.4,24,0.383,41
n_014_u_280_44,14,2.8,8,0.0459999999999994,12
n_030_u_600_49,30,6,15,0.133,24
n_009_u_180_47,9,1.8,5,0.0190000000000001,7
n_049_u_980_46,49,9.8,26,0.411,40
n_036_u_720_49,36,7.2,21,0.254,26
n_045_u_900_45,45,9,24,0.323,37
n_048_u_960_44,48,9.6,24,0.438,37
n_019_u_380_47,19,3.8,10,0.0710000000000006,16
n_030_u_600_45,30,6,18,0.161,23
n_031_u_620_47,31,6.2,16,0.215000000000001,25
n_046_u_920_46,46,9.2,21,0.388,38
n_050_u_1000_49,50,10,26,0.414,42
n_014_u_280_48,14,2.8,8,0.04,11
n_008_u_160_46,8,1.6,4,0.0529999999999999,7
n_049_u_980_44,49,9.8,25,0.46,39
n_022_u_440_46,22,4.4,11,0.140000000000001,17
n_012_u_240_47,12,2.4,7,0.0339999999999998,10
n_033_u_660_49,33,6.6,19,0.204000000000001,27
n_033_u_660_48,33,6.6,17,0.18,26
n_016_u_320_48,16,3.2,9,0.0449999999999999,14
n_013_u_260_48,13,2.6,7,0.0350000000000001,10
n_015_u_300_46,15,3,8,0.0469999999999997,11
n_047_u_940_43,47,9.4,25,0.383999999999999,36
n_033_u_660_47,33,6.6,18,0.154000000000001,28
n_036_u_720_47,36,7.2,19,0.277,29
n_031_u_620_49,31,6.2,17,0.242,25
n_024_u_480_49,24,4.8,13,0.0859999999999994,18
n_047_u_940_45,47,9.4,21,0.409,38
n_026_u_520_47,26,5.2,15,0.100000000000001,22
n_042_u_840_49,42,8.4,22,0.241,33
n_016_u_320_46,16,3.2,9,0.0520000000000005,12
n_028_u_560_48,28,5.6,16,0.114,22
n_041_u_819_47,41,8.2,18,0.234,35
n_041_u_819_46,41,8.2,20,0.359,33
n_014_u_280_47,14,2.8,9,0.0329999999999995,11
n_008_u_160_49,8,1.6,4,0.0150000000000006,7
n_021_u_420_47,21,4.2,10,0.0819999999999999,17
n_034_u_680_47,34,6.8,18,0.220000000000001,28
n_008_u_160_48,8,1.6,5,0.0179999999999998,7
n_030_u_600_48,30,6,15,0.151,25
n_014_u_280_45,14,2.8,9,0.077,12
n_027_u_540_45,27,5.4,13,0.137,22
n_035_u_700_48,35,7,20,0.221,26
n_046_u_920_42,46,9.2,23,0.415,35
n_022_u_440_48,22,4.4,11,0.139,18
n_038_u_760_48,38,7.6,19,0.251,32
n_041_u_819_50,41,8.2,21,0.234,31
n_005_u_100_50,5,1,3,0.00600000000000023,4
n_049_u_980_47,49,9.8,24,0.406,41
n_045_u_900_46,45,9,23,0.29,35
n_043_u_860_48,43,8.6,21,0.295,35
n_026_u_520_49,26,5.2,15,0.114,20
n_032_u_640_47,32,6.4,15,0.175,27
n_042_u_840_47,42,8.4,21,0.303,33
n_013_u_260_44,13,2.6,8,0.0359999999999996,10
n_039_u_780_49,39,7.8,19,0.206,31
n_038_u_760_46,38,7.6,19,0.264,32
n_032_u_640_48,32,6.4,16,0.169,27
n_027_u_540_49,27,5.4,15,0.141999999999999,21
n_028_u_560_47,28,5.6,14,0.124,21
n_010_u_200_50,10,2,7,0.0209999999999999,8
n_005_u_100_48,5,1,4,0.00900000000000034,4
n_012_u_240_48,12,2.4,8,0.0259999999999998,8
n_040_u_800_48,40,8,21,0.229,32
n_025_u_500_48,25,5,12,0.151000000000001,21
n_034_u_680_46,34,6.8,16,0.204,26
n_009_u_180_49,9,1.8,5,0.0229999999999997,7
n_050_u_1000_47,50,10,24,0.439,39
n_007_u_140_50,7,1.4,4,0.00999999999999979,6
n_021_u_420_50,21,4.2,11,0.0899999999999999,17
n_029_u_580_49,29,5.8,17,0.152,23
n_021_u_420_49,21,4.2,12,0.0750000000000002,16
n_016_u_320_49,16,3.2,10,0.0490000000000004,13
n_044_u_880_49,44,8.8,22,0.293,35
n_027_u_540_48,27,5.4,15,0.121,20
n_048_u_960_47,48,9.6,24,0.329000000000001,39
n_035_u_700_47,35,7,17,0.196000000000001,30
n_018_u_360_49,18,3.6,10,0.0490000000000004,14
n_043_u_860_47,43,8.6,21,0.346,35
n_027_u_540_46,27,5.4,14,0.114,23
n_017_u_340_49,17,3.4,10,0.0500000000000007,13
n_039_u_780_45,39,7.8,19,0.272,31
n_029_u_580_47,29,5.8,14,0.162,23
n_042_u_840_46,42,8.4,20,0.282,33
n_006_u_120_47,6,1.2,4,0.0110000000000001,5
n_010_u_200_49,10,2,7,0.0209999999999999,8
n_043_u_860_50,43,8.6,21,0.272,35
n_009_u_180_48,9,1.8,5,0.0179999999999998,8
n_015_u_300_49,15,3,8,0.0410000000000004,12
n_022_u_440_50,22,4.4,10,0.0919999999999996,18
n_047_u_940_50,47,9.4,25,0.302,37
n_026_u_520_45,26,5.2,15,0.117,20
n_039_u_780_48,39,7.8,20,0.206,30
n_050_u_1000_48,50,10,26,0.414000000000001,44
n_037_u_740_50,37,7.4,22,0.220999999999999,29
n_025_u_500_49,25,5,12,0.111,19
n_006_u_120_50,6,1.2,4,0.00900000000000034,5
n_034_u_680_48,34,6.8,16,0.188000000000001,25
n_044_u_880_48,44,8.8,22,0.302,37
n_019_u_380_48,19,3.8,10,0.056,16
n_049_u_980_50,49,9.8,26,0.33,38
n_035_u_700_49,35,7,18,0.198,27
n_011_u_220_50,11,2.2,7,0.0289999999999999,8
n_049_u_980_49,49,9.8,24,0.375,42
n_046_u_920_48,46,9.2,26,0.291,38
n_017_u_340_50,17,3.4,10,0.0590000000000002,13
n_022_u_440_49,22,4.4,13,0.077,20
n_046_u_920_49,46,9.2,22,0.31,38
n_044_u_880_50,44,8.8,22,0.291,36
n_023_u_459_50,23,4.6,12,0.0940000000000003,19
n_041_u_819_49,41,8.2,21,0.271,33
n_029_u_580_50,29,5.8,15,0.159000000000001,22
n_043_u_860_46,43,8.6,24,0.355,36
n_039_u_780_50,39,7.8,20,0.215,32
n_030_u_600_50,30,6,15,0.132,25
n_013_u_260_50,13,2.6,8,0.0310000000000006,9
n_040_u_800_46,40,8,21,0.258,32
n_010_u_200_48,10,2,5,0.0289999999999999,8
n_031_u_620_50,31,6.2,16,0.159999999999999,25
n_034_u_680_50,34,6.8,20,0.195,27
n_040_u_800_50,40,8,20,0.221,33
n_043_u_860_49,43,8.6,23,0.271,35
n_041_u_819_48,41,8.2,21,0.222,33
n_007_u_140_48,7,1.4,5,0.0119999999999996,5
n_028_u_560_50,28,5.6,17,0.127,22
n_046_u_920_50,46,9.2,21,0.372,36
n_008_u_160_50,8,1.6,5,0.016,7
n_038_u_760_49,38,7.6,20,0.239,28
n_049_u_980_48,49,9.8,24,0.376,37
n_042_u_840_50,42,8.4,20,0.258999999999999,31
n_047_u_940_48,47,9.4,23,0.338,38
n_020_u_400_49,20,4,10,0.0680000000000005,15
n_023_u_459_49,23,4.6,13,0.0770000000000008,21
n_040_u_800_49,40,8,20,0.249,35
n_045_u_900_48,45,9,23,0.313,35
n_016_u_320_50,16,3.2,9,0.048,12
n_032_u_640_49,32,6.4,16,0.164,25
n_047_u_940_47,47,9.4,26,0.302,35
n_045_u_900_49,45,9,22,0.321000000000001,34
n_014_u_280_50,14,2.8,8,0.0359999999999996,11
n_042_u_840_48,42,8.4,21,0.257000000000001,34
n_040_u_800_47,40,8,22,0.262,32
n_039_u_780_46,39,7.8,21,0.219,32
n_012_u_240_50,12,2.4,7,0.0300000000000002,9
n_007_u_140_49,7,1.4,5,0.0110000000000001,5
n_038_u_760_50,38,7.6,20,0.223,29
n_006_u_120_48,6,1.2,4,0.0110000000000001,5
n_009_u_180_50,9,1.8,5,0.0150000000000006,8
n_014_u_280_49,14,2.8,8,0.0339999999999998,11
n_048_u_960_49,48,9.6,24,0.398,35
n_048_u_960_48,48,9.6,24,0.307,40
n_035_u_700_50,35,7,20,0.204000000000001,27
n_019_u_380_49,19,3.8,10,0.0550000000000006,16
n_020_u_400_50,20,4,11,0.0579999999999998,16
n_015_u_300_50,15,3,8,0.0440000000000005,12
n_033_u_660_50,33,6.6,18,0.140000000000001,28
n_047_u_940_49,47,9.4,24,0.307,38
n_027_u_540_50,27,5.4,13,0.109,20
n_048_u_960_50,48,9.6,23,0.31,43
n_036_u_720_50,36,7.2,17,0.184,30
n_032_u_640_50,32,6.4,16,0.155,25
n_045_u_900_50,45,9,23,0.297,33
