instance,n,u,procs,elapsed
n_006_u_120_1,6,1.2,3,14.328
n_006_u_120_2,6,1.2,3,14.975
n_007_u_140_1,7,1.4,3,17.936
n_008_u_160_1,8,1.6,3,18.762
n_007_u_140_2,7,1.4,3,19.52
n_008_u_160_2,8,1.6,4,19.737
n_005_u_100_1,5,1,3,21.605
n_009_u_180_1,9,1.8,4,24.657
n_009_u_180_2,9,1.8,4,25.321
n_010_u_200_2,10,2,4,29.856
n_010_u_200_1,10,2,4,30.647
n_005_u_100_2,5,1,3,35.01
n_011_u_220_1,11,2.2,4,36.482
n_011_u_220_2,11,2.2,4,38.011
n_012_u_240_2,12,2.4,5,40.775
n_013_u_260_1,13,2.6,5,41.558
n_012_u_240_1,12,2.4,4,42.808
n_013_u_260_2,13,2.6,5,45.512
n_014_u_280_2,14,2.8,5,49.651
n_015_u_300_2,15,3,7,53.63
n_014_u_280_1,14,2.8,5,56.14
n_016_u_320_2,16,3.2,6,60.924
n_016_u_320_1,16,3.2,6,62.487
n_015_u_300_1,15,3,5,68.392
n_017_u_340_2,17,3.4,5,71.027
n_019_u_380_1,19,3.8,7,76.692
n_018_u_360_1,18,3.6,6,79.949
n_017_u_340_1,17,3.4,5,80.574
n_020_u_400_1,20,4,7,91.079
n_020_u_400_2,20,4,7,85.728
n_019_u_380_2,19,3.8,8,91.706
n_018_u_360_2,18,3.6,6,84.447
n_019_u_380_3,19,3.8,6,96.812
n_021_u_420_1,21,4.2,7,112.008
n_020_u_400_3,20,4,7,101.566
n_021_u_420_3,21,4.2,7,103.097
n_026_u_520_1,26,5.2,8,126.47
n_022_u_440_1,22,4.4,7,127.599
n_023_u_459_1,23,4.6,7,131.547
n_025_u_500_1,25,5,9,139.038
n_023_u_459_2,23,4.6,7,108.845
n_022_u_440_2,22,4.4,9,116.519
n_018_u_360_3,18,3.6,9,107.985
n_023_u_459_3,23,4.6,8,113.716
n_021_u_420_2,21,4.2,7,134.782
n_028_u_560_1,28,5.6,8,154.581
n_029_u_580_1,29,5.8,9,163.417
n_022_u_440_3,22,4.4,7,139.621
n_024_u_480_1,24,4.8,8,166.866
n_024_u_480_2,24,4.8,9,133.346
n_026_u_520_3,26,5.2,8,131.674
n_024_u_480_3,24,4.8,9,141.978
n_027_u_540_1,27,5.4,9,182.338
n_025_u_500_3,25,5,9,150.697
n_026_u_520_2,26,5.2,8,153.302
n_031_u_620_1,31,6.2,10,200.594
n_030_u_600_1,30,6,10,205.394
n_025_u_500_2,25,5,8,168.571
n_027_u_540_2,27,5.4,9,160.065
n_029_u_580_3,29,5.8,9,161.73
n_029_u_580_2,29,5.8,9,163.02
n_032_u_640_1,32,6.4,10,229.746
n_035_u_700_1,35,7,11,237.947
n_027_u_540_3,27,5.4,8,203.375
n_028_u_560_3,28,5.6,9,200.693
n_034_u_680_1,34,6.8,11,268.809
n_028_u_560_2,28,5.6,10,207.925
n_030_u_600_2,30,6,10,206.372
n_030_u_600_3,30,6,10,218.166
n_036_u_720_1,36,7.2,12,302.981
n_041_u_819_1,41,8.2,12,303.684
n_037_u_740_1,37,7.4,11,304.224
n_033_u_660_1,33,6.6,11,305.368
n_032_u_640_2,32,6.4,11,233.732
n_038_u_760_1,38,7.6,13,312.955
n_033_u_660_2,33,6.6,10,230.359
n_008_u_160_3,8,1.6,3,21.746
n_033_u_660_3,33,6.6,10,222.991
n_042_u_840_1,42,8.4,12,328.522
n_040_u_800_1,40,8,13,334.076
n_005_u_100_3,5,1,3,22.452
n_039_u_780_1,39,7.8,12,344.344
n_031_u_620_3,31,6.2,10,240.497
n_031_u_620_2,31,6.2,11,267.167
n_007_u_140_3,7,1.4,4,14.935
n_009_u_180_3,9,1.8,4,25.019
n_045_u_900_1,45,9,13,356.296
n_032_u_640_3,32,6.4,10,254.03
n_006_u_120_3,6,1.2,3,17.373
n_033_u_660_4,33,6.6,10,245.197
n_034_u_680_2,34,6.8,11,261.995
n_036_u_720_2,36,7.2,11,245.615
n_032_u_640_4,32,6.4,10,265.793
n_036_u_720_3,36,7.2,11,239.527
n_035_u_700_2,35,7,11,252.015
n_031_u_620_4,31,6.2,11,246.337
n_012_u_240_3,12,2.4,4,39.666
n_034_u_680_4,34,6.8,10,275.927
n_035_u_700_3,35,7,12,258.868
n_043_u_860_1,43,8.6,15,408.664
n_049_u_980_1,49,9.8,17,412.508
n_021_u_420_4,21,4.2,7,90.785
n_034_u_680_3,34,6.8,11,263.22
n_048_u_960_1,48,9.6,14,418.682
n_044_u_880_1,44,8.8,13,429.162
n_018_u_360_4,18,3.6,6,95.153
n_038_u_760_2,38,7.6,12,295.044
n_020_u_400_4,20,4,6,85.24
n_039_u_780_4,39,7.8,12,257.501
n_010_u_200_3,10,2,4,27.668
n_039_u_780_2,39,7.8,12,312.504
n_037_u_740_3,37,7.4,12,273.396
n_046_u_920_1,46,9.2,14,443.388
n_005_u_100_4,5,1,3,14.288
n_006_u_120_6,6,1.2,3,14.309
n_006_u_120_4,6,1.2,3,13.547
n_037_u_740_4,37,7.4,11,273.347
n_019_u_380_4,19,3.8,7,92.87
n_035_u_700_4,35,7,11,292.613
n_022_u_440_4,22,4.4,7,114.71
n_015_u_300_3,15,3,6,58.424
n_036_u_720_4,36,7.2,13,334.293
n_011_u_220_3,11,2.2,4,51.52
n_016_u_320_3,16,3.2,6,75.849
n_037_u_740_2,37,7.4,13,322.173
n_047_u_940_1,47,9.4,15,490.793
n_013_u_260_3,13,2.6,5,51.287
n_040_u_800_2,40,8,12,319.87
n_050_u_1000_1,50,10,15,502.615
n_018_u_360_5,18,3.6,7,66.62
n_007_u_140_4,7,1.4,3,17.646
n_038_u_760_3,38,7.6,14,309.197
n_040_u_800_3,40,8,12,311.255
n_039_u_780_3,39,7.8,12,332.65
n_025_u_500_4,25,5,8,137.251
n_005_u_100_5,5,1,3,15.971
n_019_u_380_7,19,3.8,7,90.1799999999999
n_006_u_120_5,6,1.2,3,17.7430000000001
n_019_u_380_5,19,3.8,6,94.175
n_007_u_140_5,7,1.4,3,20.7570000000001
n_014_u_280_3,14,2.8,5,65.606
n_042_u_840_4,42,8.4,13,338.226
n_023_u_459_4,23,4.6,9,130.357
n_038_u_760_4,38,7.6,13,376.676
n_042_u_840_2,42,8.4,15,406.345
n_044_u_880_2,44,8.8,15,378.714
n_042_u_840_3,42,8.4,14,353.888
n_017_u_340_3,17,3.4,6,78.458
n_045_u_900_2,45,9,13,354.742
n_009_u_180_6,9,1.8,4,25.1559999999999
n_009_u_180_4,9,1.8,4,23.015
n_005_u_100_6,5,1,3,32.2430000000001
n_009_u_180_5,9,1.8,4,23.37
n_041_u_819_2,41,8.2,13,452.889
n_043_u_860_2,43,8.6,13,402.214
n_011_u_220_4,11,2.2,4,30.327
n_020_u_400_5,20,4,6,90.273
n_031_u_620_5,31,6.2,9,192.743
n_012_u_240_4,12,2.4,4,46.172
n_041_u_819_3,41,8.2,13,355.581
n_008_u_160_4,8,1.6,3,26.931
n_010_u_200_4,10,2,5,28.1180000000001
n_018_u_360_6,18,3.6,7,102.322
n_024_u_480_4,24,4.8,8,164.626
n_033_u_660_5,33,6.6,11,212.978
n_008_u_160_5,8,1.6,4,20.742
n_019_u_380_6,19,3.8,6,114.014
n_020_u_400_6,20,4,7,115.427
n_028_u_560_4,28,5.6,9,186.874
n_029_u_580_4,29,5.8,9,179.467
n_026_u_520_4,26,5.2,8,180.094
n_032_u_640_5,32,6.4,10,222.831
n_043_u_860_3,43,8.6,15,394.079
n_022_u_440_7,22,4.4,8,97.8900000000001
n_041_u_819_4,41,8.2,15,431.802
n_046_u_920_3,46,9.2,14,370.135
n_018_u_360_7,18,3.6,6,94.011
n_040_u_800_4,40,8,13,447.479
n_022_u_440_5,22,4.4,8,110.296
n_008_u_160_6,8,1.6,4,19.097
n_022_u_440_6,22,4.4,7,104.247
n_045_u_900_3,45,9,14,400.665
n_046_u_920_5,46,9.2,14,349.87
n_010_u_200_5,10,2,4,35.788
n_047_u_940_2,47,9.4,14,448.992
n_024_u_480_5,24,4.8,8,109.142
n_043_u_860_4,43,8.6,13,430.592
n_049_u_980_2,49,9.8,16,417.117
n_007_u_140_6,7,1.4,3,23.053
n_035_u_700_5,35,7,11,258.78
n_031_u_620_6,31,6.2,10,219.149
n_013_u_260_5,13,2.6,5,43.556
n_023_u_459_5,23,4.6,8,108.046
n_030_u_600_4,30,6,9,163.401
n_021_u_420_5,21,4.2,7,112.522
n_032_u_640_8,32,6.4,10,207.964
n_034_u_680_5,34,6.8,11,332.71
n_010_u_200_6,10,2,4,30.029
n_044_u_880_3,44,8.8,14,402.943
n_012_u_240_5,12,2.4,5,40.617
n_027_u_540_4,27,5.4,9,197.873
n_050_u_1000_2,50,10,15,454.661
n_013_u_260_7,13,2.6,5,43.679
n_021_u_420_6,21,4.2,7,113.898
n_032_u_640_6,32,6.4,11,220.23
n_046_u_920_4,46,9.2,14,440.904
n_014_u_280_4,14,2.8,5,51.034
n_046_u_920_2,46,9.2,14,472.584
n_048_u_960_2,48,9.6,16,542.887
n_011_u_220_5,11,2.2,5,31.449
n_045_u_900_4,45,9,15,422.089
n_016_u_320_4,16,3.2,5,63.54
n_025_u_500_5,25,5,9,166.187
n_021_u_420_7,21,4.2,7,92.939
n_044_u_880_5,44,8.8,13,409.195
n_012_u_240_6,12,2.4,5,32.545
n_033_u_660_6,33,6.6,10,207.814
n_013_u_260_6,13,2.6,4,53.253
n_044_u_880_4,44,8.8,15,474.6
n_013_u_260_4,13,2.6,5,47.268
n_020_u_400_7,20,4,7,104.152
n_048_u_960_3,48,9.6,16,449.953
n_015_u_300_4,15,3,5,53.1350000000001
n_049_u_980_3,49,9.8,15,459.356
n_023_u_459_6,23,4.6,9,121.915
n_011_u_220_7,11,2.2,4,44.005
n_017_u_340_4,17,3.4,5,85.4450000000001
n_031_u_620_7,31,6.2,9,208.592
n_049_u_980_4,49,9.8,15,477.221
n_023_u_459_7,23,4.6,8,112.652
n_048_u_960_5,48,9.6,14,406.755
n_011_u_220_6,11,2.2,4,48.8629999999999
n_038_u_760_5,38,7.6,13,340.875
n_026_u_520_6,26,5.2,8,140.696
n_015_u_300_5,15,3,6,50.557
n_045_u_900_5,45,9,15,502.544
n_047_u_940_3,47,9.4,15,514.347
n_047_u_940_4,47,9.4,15,485.662
n_036_u_720_5,36,7.2,12,337.191
n_024_u_480_6,24,4.8,9,123.338
n_025_u_500_6,25,5,9,153.564
n_037_u_740_5,37,7.4,12,262.703
n_027_u_540_5,27,5.4,9,141.296
n_016_u_320_6,16,3.2,6,54.946
n_015_u_300_7,15,3,6,48.9970000000001
n_048_u_960_4,48,9.6,15,513.43
n_012_u_240_7,12,2.4,5,35.091
n_005_u_100_7,5,1,3,45.173
n_035_u_700_8,35,7,11,237.352
n_016_u_320_5,16,3.2,6,84.874
n_025_u_500_7,25,5,8,111.706
n_050_u_1000_3,50,10,15,444.32
n_031_u_620_8,31,6.2,9,239.838
n_047_u_940_5,47,9.4,15,538.222
n_014_u_280_5,14,2.8,5,52.408
n_026_u_520_7,26,5.2,8,128.201
n_032_u_640_7,32,6.4,10,294.124
n_033_u_660_7,33,6.6,14,293.397
n_049_u_980_5,49,9.8,16,479.268
n_026_u_520_8,26,5.2,10,200.971
n_024_u_480_8,24,4.8,8,124.553
n_014_u_280_6,14,2.8,5,66.107
n_026_u_520_5,26,5.2,9,143.994
n_050_u_1000_4,50,10,17,527.069
n_044_u_880_6,44,8.8,14,352.988
n_015_u_300_6,15,3,5,65.422
n_036_u_720_6,36,7.2,11,237.532
n_035_u_700_6,35,7,11,279.272
n_050_u_1000_5,50,10,15,530.902
n_034_u_680_6,34,6.8,12,241.488
n_018_u_360_8,18,3.6,6,75.939
n_017_u_340_5,17,3.4,6,65.0120000000001
n_028_u_560_5,28,5.6,9,168.167
n_014_u_280_7,14,2.8,6,67.384
n_029_u_580_5,29,5.8,9,224.596
n_011_u_220_8,11,2.2,4,35.3150000000001
n_034_u_680_7,34,6.8,11,251.016
n_035_u_700_7,35,7,14,312.37
n_016_u_320_7,16,3.2,7,64.2020000000001
n_033_u_660_8,33,6.6,10,196.503
n_034_u_680_8,34,6.8,11,230.029
n_024_u_480_7,24,4.8,9,160.378
n_025_u_500_8,25,5,8,122.156
n_017_u_340_6,17,3.4,6,68.376
n_028_u_560_6,28,5.6,9,163.008
n_045_u_900_6,45,9,14,368.368
n_017_u_340_7,17,3.4,6,66.99
n_029_u_580_7,29,5.8,9,160.958
n_038_u_760_6,38,7.6,12,276.963
n_037_u_740_6,37,7.4,12,358.098
n_043_u_860_5,43,8.6,13,335.049
n_039_u_780_5,39,7.8,13,405.051
n_012_u_240_8,12,2.4,5,36.425
n_041_u_819_5,41,8.2,14,422.322
n_005_u_100_8,5,1,3,14.607
n_042_u_840_5,42,8.4,15,421.451
n_036_u_720_7,36,7.2,12,258.431
n_006_u_120_7,6,1.2,3,17.9089999999999
n_046_u_920_6,46,9.2,14,456.559
n_036_u_720_8,36,7.2,11,242.797
n_010_u_200_7,10,2,4,25.8879999999999
n_008_u_160_7,8,1.6,3,22.123
n_028_u_560_8,28,5.6,12,199.871
n_029_u_580_6,29,5.8,9,193.844
n_009_u_180_7,9,1.8,5,27.308
n_024_u_480_9,24,4.8,8,107.646
n_027_u_540_7,27,5.4,9,153.38
n_030_u_600_5,30,6,10,279.868
n_044_u_880_7,44,8.8,14,392.043
n_045_u_900_7,45,9,14,373.114
n_013_u_260_8,13,2.6,5,42.989
n_011_u_220_9,11,2.2,4,29.825
n_027_u_540_6,27,5.4,9,217.796
n_039_u_780_7,39,7.8,12,288.974
n_018_u_360_9,18,3.6,8,80.5980000000002
n_028_u_560_7,28,5.6,9,192.832
n_006_u_120_9,6,1.2,3,12.7270000000001
n_012_u_240_9,12,2.4,5,39.9779999999998
n_030_u_600_6,30,6,9,192.475
n_031_u_620_9,31,6.2,9,196.064
n_038_u_760_7,38,7.6,13,288.849
n_019_u_380_8,19,3.8,7,103.257
n_037_u_740_7,37,7.4,11,300.098
n_046_u_920_7,46,9.2,14,387.203
n_029_u_580_8,29,5.8,10,184.304
n_040_u_800_5,40,8,13,453.032
n_037_u_740_9,37,7.4,11,240.411
n_005_u_100_9,5,1,3,15.259
n_025_u_500_9,25,5,8,130.399
n_023_u_459_8,23,4.6,7,110.762
n_044_u_880_8,44,8.8,13,373.111
n_027_u_540_8,27,5.4,9,218.284
n_007_u_140_7,7,1.4,3,17.634
n_030_u_600_7,30,6,10,186.997
n_048_u_960_6,48,9.6,16,501.27
n_038_u_760_8,38,7.6,12,302.801
n_039_u_780_8,39,7.8,12,281.927
n_040_u_800_6,40,8,12,325.88
n_021_u_420_8,21,4.2,7,128.771
n_045_u_900_9,45,9,13,497.007
n_022_u_440_8,22,4.4,7,127.943
n_006_u_120_10,6,1.2,3,16.7829999999999
n_007_u_140_8,7,1.4,3,17.0439999999999
n_013_u_260_9,13,2.6,5,50.24
n_019_u_380_10,19,3.8,6,78.731
n_011_u_220_10,11,2.2,4,37.7059999999999
n_047_u_940_6,47,9.4,14,528.673
n_012_u_240_11,12,2.4,5,35.931
n_015_u_300_8,15,3,5,53.6669999999999
n_039_u_780_6,39,7.8,12,313.783
n_024_u_480_10,24,4.8,7,128.257
n_018_u_360_10,18,3.6,6,75.4490000000001
n_030_u_600_8,30,6,9,236.514
n_038_u_760_9,38,7.6,11,255.666
n_006_u_120_8,6,1.2,3,17.4829999999999
n_020_u_400_8,20,4,7,82.193
n_005_u_100_10,5,1,3,79.7070000000001
n_037_u_740_8,37,7.4,11,286.519
n_025_u_500_10,25,5,9,145.187
n_026_u_520_9,26,5.2,9,186.278
n_014_u_280_8,14,2.8,5,58.181
n_045_u_900_8,45,9,14,384.694
n_049_u_980_6,49,9.8,15,436.896
n_019_u_380_11,19,3.8,6,95.8429999999998
n_042_u_840_6,42,8.4,13,335.516
n_005_u_100_11,5,1,3,51.136
n_020_u_400_9,20,4,7,95.721
n_039_u_780_9,39,7.8,13,394.534
n_044_u_880_9,44,8.8,16,426.549
n_006_u_120_11,6,1.2,3,14.4280000000001
n_031_u_620_10,31,6.2,10,201.886
n_009_u_180_8,9,1.8,4,29.2270000000001
n_012_u_240_10,12,2.4,4,37.4860000000001
n_024_u_480_11,24,4.8,8,122.816
n_041_u_819_7,41,8.2,12,347.511
n_011_u_220_11,11,2.2,4,33.3030000000001
n_018_u_360_11,18,3.6,7,86.0919999999999
n_050_u_1000_6,50,10,15,488.241
n_026_u_520_10,26,5.2,8,142.239
n_040_u_800_8,40,8,12,280.797
n_016_u_320_8,16,3.2,5,62.9019999999998
n_046_u_920_9,46,9.2,14,380.133
n_025_u_500_12,25,5,7,128.809
n_008_u_160_9,8,1.6,4,26.2049999999999
n_007_u_140_10,7,1.4,3,14.346
n_019_u_380_9,19,3.8,7,117.514
n_048_u_960_9,48,9.6,14,499.528
n_018_u_360_12,18,3.6,8,80.461
n_042_u_840_8,42,8.4,14,358.732
n_036_u_720_9,36,7.2,11,215.188
n_013_u_260_11,13,2.6,4,43.6990000000001
n_047_u_940_7,47,9.4,15,460.716
n_009_u_180_10,9,1.8,4,25.681
n_019_u_380_12,19,3.8,7,93.2279999999998
n_041_u_819_6,41,8.2,13,463.029
n_017_u_340_8,17,3.4,6,69.2860000000001
n_037_u_740_10,37,7.4,11,351.459
n_015_u_300_11,15,3,6,50.7710000000002
n_032_u_640_11,32,6.4,11,218.432
n_022_u_440_9,22,4.4,7,105.683
n_046_u_920_8,46,9.2,17,524.822
n_049_u_980_7,49,9.8,16,501.874
n_038_u_760_10,38,7.6,11,270.797
n_041_u_819_8,41,8.2,12,314.176
n_028_u_560_9,28,5.6,9,205.771
n_008_u_160_8,8,1.6,4,28.145
n_005_u_100_12,5,1,3,13.3920000000001
n_025_u_500_11,25,5,8,123.083
n_014_u_280_9,14,2.8,5,50.184
n_031_u_620_11,31,6.2,10,216.755
n_020_u_400_11,20,4,7,86.0530000000001
n_008_u_160_10,8,1.6,4,16.7170000000001
n_042_u_840_7,42,8.4,13,389.049
n_040_u_800_7,40,8,13,346.429
n_047_u_940_9,47,9.4,14,478.055
n_032_u_640_9,32,6.4,10,307.005
n_041_u_819_9,41,8.2,13,395.019
n_049_u_980_9,49,9.8,15,403.497
n_027_u_540_9,27,5.4,8,173.345
n_033_u_660_9,33,6.6,10,202.222
n_048_u_960_8,48,9.6,15,493.089
n_034_u_680_9,34,6.8,11,278.984
n_024_u_480_12,24,4.8,9,124.188
n_007_u_140_9,7,1.4,4,16.4079999999999
n_050_u_1000_7,50,10,15,445.488
n_009_u_180_9,9,1.8,4,22.0329999999999
n_008_u_160_11,8,1.6,4,19.9359999999999
n_043_u_860_6,43,8.6,13,406.462
n_013_u_260_10,13,2.6,5,51.395
n_035_u_700_9,35,7,12,291.355
n_044_u_880_10,44,8.8,13,346.119
n_021_u_420_10,21,4.2,6,129.442
n_047_u_940_8,47,9.4,14,534.773
n_014_u_280_11,14,2.8,5,51.2660000000001
n_010_u_200_8,10,2,4,29.3430000000001
n_016_u_320_9,16,3.2,6,77.203
n_029_u_580_9,29,5.8,11,164.186
n_011_u_220_12,11,2.2,4,33.817
n_015_u_300_10,15,3,5,60.4469999999999
n_016_u_320_11,16,3.2,5,64.4070000000002
n_018_u_360_13,18,3.6,7,83.049
n_049_u_980_8,49,9.8,16,482.935
n_033_u_660_10,33,6.6,11,234.972
n_022_u_440_11,22,4.4,7,129.936
n_026_u_520_12,26,5.2,8,148.742
n_021_u_420_9,21,4.2,7,104.938
n_021_u_420_11,21,4.2,9,96.3899999999999
n_040_u_800_9,40,8,12,384.242
n_037_u_740_11,37,7.4,12,326.604
n_017_u_340_9,17,3.4,7,89.298
n_031_u_620_13,31,6.2,10,188.391
n_014_u_280_10,14,2.8,5,62.7569999999998
n_032_u_640_12,32,6.4,11,272.547
n_048_u_960_7,48,9.6,16,634.656
n_043_u_860_8,43,8.6,15,392.482
n_042_u_840_9,42,8.4,13,412.716
n_031_u_620_12,31,6.2,10,224.767
n_021_u_420_12,21,4.2,7,93.6189999999999
n_032_u_640_10,32,6.4,10,209.919
n_007_u_140_11,7,1.4,3,21.0440000000001
n_020_u_400_10,20,4,6,107.452
n_038_u_760_11,38,7.6,12,305.936
n_037_u_740_12,37,7.4,11,256.434
n_030_u_600_9,30,6,9,179.68
n_005_u_100_13,5,1,3,16.5720000000001
n_010_u_200_10,10,2,4,30.0160000000001
n_022_u_440_10,22,4.4,7,121.924
n_016_u_320_10,16,3.2,5,68.5130000000001
n_027_u_540_10,27,5.4,8,150.508
n_009_u_180_11,9,1.8,4,32.508
n_050_u_1000_10,50,10,15,445.825
n_028_u_560_12,28,5.6,9,196.404
n_043_u_860_7,43,8.6,14,478.539
n_026_u_520_11,26,5.2,9,150.374
n_015_u_300_9,15,3,6,71.171
n_024_u_480_13,24,4.8,7,117.374
n_032_u_640_13,32,6.4,10,229.409
n_043_u_860_9,43,8.6,14,411.505
n_023_u_459_9,23,4.6,9,139.332
n_044_u_880_11,44,8.8,13,332.175
n_010_u_200_9,10,2,4,39.597
n_017_u_340_12,17,3.4,6,68.0709999999999
n_020_u_400_12,20,4,7,96.8249999999998
n_027_u_540_12,27,5.4,9,167.417
n_010_u_200_11,10,2,4,27.05
n_018_u_360_14,18,3.6,6,83.941
n_039_u_780_11,39,7.8,12,335.529
n_011_u_220_13,11,2.2,4,34.5630000000001
n_039_u_780_10,39,7.8,13,413.461
n_029_u_580_12,29,5.8,9,173.354
n_006_u_120_13,6,1.2,3,15.654
n_033_u_660_12,33,6.6,10,248.62
n_023_u_459_11,23,4.6,7,103.672
n_028_u_560_11,28,5.6,9,180.689
n_038_u_760_13,38,7.6,12,346.076
n_050_u_1000_8,50,10,16,555.368
n_006_u_120_12,6,1.2,3,17.2629999999999
n_037_u_740_13,37,7.4,11,251.386
n_005_u_100_15,5,1,3,16.7080000000001
n_030_u_600_10,30,6,9,171.465
n_031_u_620_14,31,6.2,10,204.402
n_035_u_700_10,35,7,12,308.11
n_022_u_440_12,22,4.4,7,142.884
n_027_u_540_11,27,5.4,10,187.074
n_034_u_680_11,34,6.8,11,256.512
n_038_u_760_12,38,7.6,12,305.333
n_029_u_580_10,29,5.8,9,248.784
n_041_u_819_10,41,8.2,13,335.44
n_005_u_100_14,5,1,3,19.2840000000001
n_034_u_680_13,34,6.8,10,206.833
n_023_u_459_12,23,4.6,7,103.198
n_017_u_340_10,17,3.4,6,72.7349999999999
n_034_u_680_12,34,6.8,11,245.855
n_008_u_160_12,8,1.6,4,22.2719999999999
n_018_u_360_16,18,3.6,7,78.1510000000001
n_024_u_480_14,24,4.8,8,112.614
n_019_u_380_13,19,3.8,7,86.672
n_023_u_459_10,23,4.6,8,143.281
n_019_u_380_14,19,3.8,8,103.876
n_029_u_580_11,29,5.8,9,210.754
n_050_u_1000_9,50,10,16,551.864
n_035_u_700_12,35,7,11,284.446
n_040_u_800_10,40,8,13,369.548
n_028_u_560_10,28,5.6,8,201.583
n_045_u_900_12,45,9,14,416.887
n_035_u_700_11,35,7,11,246.844
n_033_u_660_11,33,6.6,10,267.379
n_044_u_880_12,44,8.8,15,396.207
n_030_u_600_13,30,6,9,176.445
n_018_u_360_15,18,3.6,7,74.6769999999999
n_042_u_840_10,42,8.4,13,331.08
n_007_u_140_12,7,1.4,3,22.895
n_039_u_780_13,39,7.8,12,307.345
n_046_u_920_10,46,9.2,14,406.604
n_006_u_120_15,6,1.2,3,13.6680000000001
n_009_u_180_12,9,1.8,4,31.6400000000001
n_011_u_220_14,11,2.2,5,38.4440000000002
n_049_u_980_10,49,9.8,15,507.612
n_012_u_240_14,12,2.4,5,47.998
n_017_u_340_11,17,3.4,6,75.395
n_044_u_880_14,44,8.8,13,332.864
n_031_u_620_15,31,6.2,10,214.264
n_033_u_660_13,33,6.6,11,225.482
n_045_u_900_10,45,9,14,443.364
n_034_u_680_10,34,6.8,11,364.047
n_021_u_420_13,21,4.2,7,116.834
n_047_u_940_10,47,9.4,16,450.157
n_013_u_260_12,13,2.6,5,55.2949999999998
n_040_u_800_11,40,8,12,321.477
n_011_u_220_16,11,2.2,4,31.9749999999999
n_036_u_720_12,36,7.2,12,226.196
n_044_u_880_13,44,8.8,14,358.316
n_037_u_740_14,37,7.4,12,290.053
n_007_u_140_13,7,1.4,4,17.46
n_043_u_860_10,43,8.6,13,344.294
n_012_u_240_12,12,2.4,4,40.5020000000002
n_045_u_900_11,45,9,14,364.036
n_036_u_720_10,36,7.2,11,293.18
n_020_u_400_13,20,4,8,101.168
n_019_u_380_16,19,3.8,6,87.0119999999999
n_014_u_280_12,14,2.8,5,40.885
n_016_u_320_12,16,3.2,5,72.0440000000001
n_010_u_200_12,10,2,4,23.97
n_011_u_220_15,11,2.2,4,37.316
n_040_u_800_13,40,8,12,305.086
n_045_u_900_13,45,9,15,416.606
n_012_u_240_13,12,2.4,5,41.2239999999999
n_048_u_960_10,48,9.6,15,497.3
n_030_u_600_11,30,6,9,201.121
n_050_u_1000_11,50,10,16,563.975
n_022_u_440_13,22,4.4,8,107.646
n_041_u_819_13,41,8.2,13,371.161
n_035_u_700_13,35,7,10,245.878
n_039_u_780_12,39,7.8,13,360.377
n_007_u_140_15,7,1.4,3,19.2950000000001
n_031_u_620_17,31,6.2,10,206.905
n_006_u_120_14,6,1.2,3,13.1199999999999
n_046_u_920_11,46,9.2,14,480.594
n_008_u_160_15,8,1.6,3,29.0819999999999
n_020_u_400_14,20,4,7,82.675
n_036_u_720_11,36,7.2,10,221.611
n_032_u_640_15,32,6.4,10,222.609
n_012_u_240_15,12,2.4,5,46.5769999999998
n_024_u_480_15,24,4.8,7,144.842
n_031_u_620_16,31,6.2,10,184.169
n_024_u_480_17,24,4.8,8,109.461
n_032_u_640_14,32,6.4,10,238.47
n_045_u_900_14,45,9,14,398.298
n_026_u_520_13,26,5.2,8,133.151
n_036_u_720_13,36,7.2,11,277.499
n_013_u_260_13,13,2.6,5,43.2109999999998
n_015_u_300_12,15,3,5,78.0440000000001
n_025_u_500_15,25,5,8,181.48
n_012_u_240_16,12,2.4,4,33.9069999999997
n_041_u_819_12,41,8.2,12,372.288
n_024_u_480_16,24,4.8,7,112.654
n_042_u_840_13,42,8.4,13,381.744
n_017_u_340_13,17,3.4,6,95.3130000000001
n_019_u_380_15,19,3.8,7,73.4030000000002
n_025_u_500_13,25,5,8,146.708
n_037_u_740_15,37,7.4,13,288.941
n_030_u_600_12,30,6,10,197.625
n_020_u_400_16,20,4,6,92.4389999999999
n_043_u_860_11,43,8.6,13,365.304
n_009_u_180_15,9,1.8,4,23.3229999999999
n_008_u_160_14,8,1.6,4,26.7860000000001
n_027_u_540_13,27,5.4,9,151.734
n_040_u_800_12,40,8,12,361.155
n_050_u_1000_12,50,10,16,553.915
n_023_u_459_13,23,4.6,8,151.788
n_025_u_500_14,25,5,8,135.062
n_021_u_420_16,21,4.2,7,108.9
n_050_u_1000_13,50,10,16,541.582
n_048_u_960_11,48,9.6,14,393.015
n_007_u_140_14,7,1.4,4,22.1900000000001
n_010_u_200_13,10,2,4,40.71
n_046_u_920_13,46,9.2,14,440.67
n_025_u_500_16,25,5,9,127.495
n_029_u_580_13,29,5.8,10,200.411
n_042_u_840_12,42,8.4,13,361.396
n_015_u_300_13,15,3,5,50.779
n_033_u_660_14,33,6.6,11,229.49
n_032_u_640_17,32,6.4,10,228.563
n_017_u_340_14,17,3.4,7,76.8399999999997
n_042_u_840_11,42,8.4,15,432.51
n_026_u_520_14,26,5.2,8,137.82
n_047_u_940_13,47,9.4,17,401.113
n_013_u_260_15,13,2.6,4,54.2850000000003
n_017_u_340_15,17,3.4,6,68.8670000000002
n_009_u_180_14,9,1.8,4,29.7200000000003
n_044_u_880_15,44,8.8,15,473.777
n_021_u_420_15,21,4.2,7,106.593
n_034_u_680_14,34,6.8,11,298.979
n_022_u_440_16,22,4.4,7,112.915
n_009_u_180_13,9,1.8,4,23.933
n_025_u_500_17,25,5,9,142.146
n_044_u_880_16,44,8.8,13,329.085
n_033_u_660_15,33,6.6,11,205.659
n_043_u_860_14,43,8.6,13,383.253
n_020_u_400_15,20,4,6,97.5969999999998
n_048_u_960_13,48,9.6,14,415.518
n_028_u_560_13,28,5.6,8,179.306
n_011_u_220_17,11,2.2,5,36.7150000000001
n_041_u_819_11,41,8.2,13,412.478
n_011_u_220_18,11,2.2,5,34.9719999999998
n_035_u_700_14,35,7,15,272.011
n_014_u_280_15,14,2.8,5,65.3090000000002
n_046_u_920_14,46,9.2,13,364.333
n_010_u_200_16,10,2,5,36.9769999999999
n_030_u_600_14,30,6,9,188.294
n_050_u_1000_14,50,10,17,549.244
n_008_u_160_13,8,1.6,4,21.194
n_023_u_459_14,23,4.6,9,143.152
n_047_u_940_14,47,9.4,15,504.46
n_033_u_660_17,33,6.6,10,196.722
n_047_u_940_12,47,9.4,15,537.259
n_032_u_640_16,32,6.4,10,211.719
n_015_u_300_15,15,3,5,61.8819999999996
n_046_u_920_12,46,9.2,15,455.576
n_013_u_260_16,13,2.6,5,42.873
n_022_u_440_14,22,4.4,8,97.1710000000003
n_037_u_740_18,37,7.4,12,279.323
n_022_u_440_15,22,4.4,7,117.591
n_014_u_280_16,14,2.8,5,45.7290000000003
n_017_u_340_16,17,3.4,6,63.6240000000003
n_037_u_740_17,37,7.4,11,257.209
n_047_u_940_11,47,9.4,14,432.111
n_014_u_280_14,14,2.8,5,54.5160000000001
n_013_u_260_14,13,2.6,5,44.3250000000003
n_048_u_960_12,48,9.6,15,502.715
n_036_u_720_14,36,7.2,11,234.845
n_028_u_560_14,28,5.6,9,175.273
n_021_u_420_14,21,4.2,8,90.3759999999997
n_026_u_520_16,26,5.2,8,167.484
n_024_u_480_18,24,4.8,7,124.33
n_030_u_600_16,30,6,9,178.454
n_043_u_860_12,43,8.6,14,395.272
n_030_u_600_15,30,6,10,189.738
n_024_u_480_19,24,4.8,8,125.094
n_049_u_980_11,49,9.8,16,446.377
n_039_u_780_14,39,7.8,12,338.223
n_023_u_459_17,23,4.6,8,127.511
n_014_u_280_13,14,2.8,6,51.9559999999997
n_044_u_880_17,44,8.8,14,366.685
n_040_u_800_14,40,8,11,289.946
n_037_u_740_16,37,7.4,12,368.676
n_015_u_300_14,15,3,5,52.0640000000003
n_049_u_980_13,49,9.8,16,476.024
n_006_u_120_16,6,1.2,3,13.2629999999999
n_010_u_200_14,10,2,4,28.0209999999997
n_038_u_760_15,38,7.6,11,293.702
n_027_u_540_16,27,5.4,9,153.026
n_007_u_140_16,7,1.4,4,17.723
n_044_u_880_18,44,8.8,15,411.384
n_033_u_660_16,33,6.6,10,190.732
n_038_u_760_14,38,7.6,12,337.222
n_005_u_100_17,5,1,3,16.5529999999999
n_011_u_220_19,11,2.2,4,36.5999999999999
n_026_u_520_17,26,5.2,10,128.585
n_034_u_680_17,34,6.8,12,313.935
n_038_u_760_16,38,7.6,12,371.247
n_045_u_900_16,45,9,14,421.646
n_016_u_320_13,16,3.2,6,58.2640000000001
n_050_u_1000_15,50,10,14,518.683
n_043_u_860_13,43,8.6,13,356.048
n_028_u_560_16,28,5.6,10,154.405
n_005_u_100_16,5,1,3,29.1290000000004
n_034_u_680_16,34,6.8,10,247.36
n_011_u_220_20,11,2.2,4,39.21
n_035_u_700_17,35,7,11,253.307
n_048_u_960_14,48,9.6,15,478.519
n_010_u_200_15,10,2,4,27.4810000000002
n_016_u_320_15,16,3.2,5,71.7640000000001
n_012_u_240_18,12,2.4,4,38.2820000000002
n_027_u_540_15,27,5.4,8,142.862
n_019_u_380_17,19,3.8,6,86.1030000000001
n_026_u_520_15,26,5.2,8,154.24
n_018_u_360_18,18,3.6,6,79.9189999999999
n_030_u_600_17,30,6,10,176.218
n_027_u_540_17,27,5.4,10,180.575
n_045_u_900_15,45,9,14,471.161
n_017_u_340_17,17,3.4,6,63.0729999999999
n_049_u_980_12,49,9.8,16,493.148
n_015_u_300_16,15,3,6,52.5460000000003
n_023_u_459_15,23,4.6,7,119.207
n_020_u_400_17,20,4,7,114.381
n_038_u_760_18,38,7.6,12,315.854
n_018_u_360_17,18,3.6,6,78.0549999999998
n_046_u_920_15,46,9.2,14,355.55
n_035_u_700_15,35,7,10,233.098
n_005_u_100_20,5,1,3,15.6690000000003
n_012_u_240_17,12,2.4,5,39.4769999999999
n_042_u_840_14,42,8.4,14,391.448
n_024_u_480_20,24,4.8,8,121.007
n_050_u_1000_16,50,10,14,475.199
n_038_u_760_17,38,7.6,13,412.505
n_013_u_260_17,13,2.6,5,39.5990000000002
n_016_u_320_14,16,3.2,6,61.0729999999999
n_041_u_819_14,41,8.2,13,340.324
n_009_u_180_16,9,1.8,4,28.5860000000002
n_036_u_720_15,36,7.2,10,300.027
n_039_u_780_15,39,7.8,13,389.797
n_028_u_560_15,28,5.6,9,188.042
n_045_u_900_18,45,9,14,406.416
n_034_u_680_15,34,6.8,11,228.081
n_035_u_700_16,35,7,11,277.259
n_006_u_120_17,6,1.2,3,10.4720000000002
n_049_u_980_14,49,9.8,15,540.303
n_008_u_160_16,8,1.6,3,18.732
n_005_u_100_19,5,1,3,31.8499999999999
n_027_u_540_14,27,5.4,9,210.169
n_025_u_500_19,25,5,7,130.771
n_024_u_480_21,24,4.8,8,159.146
n_023_u_459_16,23,4.6,8,142.013
n_043_u_860_15,43,8.6,13,368.779
n_017_u_340_18,17,3.4,7,72.8420000000001
n_012_u_240_20,12,2.4,4,47.692
n_018_u_360_21,18,3.6,6,90.578
n_029_u_580_14,29,5.8,9,195.479
n_005_u_100_18,5,1,3,203.697
n_037_u_740_19,37,7.4,11,282.263
n_036_u_720_18,36,7.2,12,264.761
n_010_u_200_17,10,2,4,25.384
n_016_u_320_16,16,3.2,5,65.5030000000002
n_046_u_920_16,46,9.2,13,435.927
n_045_u_900_17,45,9,14,373.38
n_037_u_740_20,37,7.4,11,286.733
n_030_u_600_18,30,6,10,168.164
n_046_u_920_18,46,9.2,13,393.166
n_025_u_500_18,25,5,8,133.326
n_018_u_360_20,18,3.6,6,88.6870000000004
n_019_u_380_18,19,3.8,6,97.942
n_031_u_620_19,31,6.2,10,186.084
n_029_u_580_16,29,5.8,9,223.494
n_028_u_560_17,28,5.6,9,182.1
n_026_u_520_18,26,5.2,7,128.661
n_047_u_940_15,47,9.4,16,495.393
n_013_u_260_18,13,2.6,5,45.8980000000001
n_012_u_240_19,12,2.4,4,44.3760000000002
n_018_u_360_19,18,3.6,6,72.6300000000001
n_021_u_420_17,21,4.2,7,120.114
n_022_u_440_17,22,4.4,7,140.248
n_013_u_260_20,13,2.6,5,41.5
n_039_u_780_17,39,7.8,12,360.565
n_006_u_120_19,6,1.2,3,15.5439999999999
n_043_u_860_17,43,8.6,14,365.676
n_048_u_960_15,48,9.6,15,485.43
n_041_u_819_17,41,8.2,12,296.797
n_041_u_819_15,41,8.2,14,400.293
n_040_u_800_17,40,8,12,342.795
n_032_u_640_18,32,6.4,11,266.361
n_014_u_280_17,14,2.8,5,53.4639999999999
n_029_u_580_15,29,5.8,10,189.24
n_008_u_160_19,8,1.6,4,18.9470000000001
n_031_u_620_18,31,6.2,10,237.019
n_010_u_200_19,10,2,4,30.4189999999999
n_007_u_140_19,7,1.4,3,16.165
n_008_u_160_17,8,1.6,3,24.3299999999999
n_043_u_860_16,43,8.6,13,400.228
n_036_u_720_16,36,7.2,11,257.451
n_023_u_459_18,23,4.6,8,129.234
n_025_u_500_21,25,5,7,155.237
n_039_u_780_16,39,7.8,13,300.468
n_015_u_300_17,15,3,6,58.3429999999998
n_039_u_780_18,39,7.8,13,369.425
n_010_u_200_18,10,2,4,31.7400000000002
n_006_u_120_18,6,1.2,4,13.636
n_050_u_1000_18,50,10,16,479.778
n_006_u_120_20,6,1.2,3,11.4679999999998
n_033_u_660_18,33,6.6,11,292.864
n_040_u_800_16,40,8,13,337.172
n_019_u_380_20,19,3.8,7,86.1819999999998
n_031_u_620_22,31,6.2,10,194.258
n_049_u_980_15,49,9.8,15,486.08
n_007_u_140_18,7,1.4,3,19.2750000000001
n_040_u_800_18,40,8,12,335.368
n_029_u_580_17,29,5.8,9,182.027
n_050_u_1000_17,50,10,15,449.954
n_026_u_520_19,26,5.2,9,141.297
n_025_u_500_20,25,5,8,142.757
n_050_u_1000_19,50,10,17,536.753
n_026_u_520_21,26,5.2,8,135.004
n_007_u_140_20,7,1.4,3,17.4159999999997
n_046_u_920_17,46,9.2,15,445.978
n_037_u_740_21,37,7.4,12,314.175
n_020_u_400_20,20,4,7,100.565
n_030_u_600_19,30,6,9,239.581
n_017_u_340_20,17,3.4,6,63.3070000000002
n_040_u_800_15,40,8,12,286.831
n_019_u_380_19,19,3.8,6,79.018
n_031_u_620_21,31,6.2,9,204.755
n_021_u_420_20,21,4.2,7,132.863
n_021_u_420_18,21,4.2,7,127.89
n_016_u_320_17,16,3.2,6,72.922
n_007_u_140_17,7,1.4,3,16.165
n_013_u_260_19,13,2.6,6,39.8420000000001
n_047_u_940_17,47,9.4,15,454.641
n_023_u_459_20,23,4.6,7,139.157
n_019_u_380_21,19,3.8,7,100.696
n_032_u_640_19,32,6.4,10,229.181
n_017_u_340_19,17,3.4,5,74.4569999999999
n_017_u_340_21,17,3.4,6,71.2339999999999
n_036_u_720_17,36,7.2,11,308.086
n_038_u_760_20,38,7.6,13,315.109
n_047_u_940_18,47,9.4,18,490.015
n_041_u_819_16,41,8.2,12,344.044
n_043_u_860_18,43,8.6,13,432.672
n_023_u_459_19,23,4.6,7,133.756
n_031_u_620_20,31,6.2,10,228.519
n_020_u_400_21,20,4,6,87.692
n_005_u_100_22,5,1,3,18.8389999999999
n_020_u_400_19,20,4,7,107.319
n_008_u_160_18,8,1.6,4,21.3109999999997
n_014_u_280_19,14,2.8,5,46.4570000000003
n_028_u_560_18,28,5.6,9,154.291
n_027_u_540_18,27,5.4,11,199.925
n_048_u_960_18,48,9.6,15,492.589
n_035_u_700_18,35,7,11,241.134
n_034_u_680_18,34,6.8,10,245.651
n_010_u_200_20,10,2,4,29.951
n_042_u_840_15,42,8.4,12,329.868
n_037_u_740_22,37,7.4,14,358.437
n_014_u_280_20,14,2.8,6,50.5619999999999
n_009_u_180_17,9,1.8,4,23.4180000000001
n_038_u_760_19,38,7.6,12,313.443
n_020_u_400_18,20,4,7,94.0509999999999
n_042_u_840_17,42,8.4,13,308.998
n_005_u_100_21,5,1,3,24.3670000000002
n_039_u_780_19,39,7.8,12,326.114
n_032_u_640_21,32,6.4,10,207.224
n_044_u_880_20,44,8.8,13,340.675
n_015_u_300_20,15,3,5,75.5549999999998
n_018_u_360_23,18,3.6,6,87.6059999999998
n_009_u_180_19,9,1.8,4,30.8609999999999
n_041_u_819_18,41,8.2,13,338.102
n_026_u_520_20,26,5.2,8,131.464
n_048_u_960_16,48,9.6,15,501.291
n_006_u_120_21,6,1.2,3,16.4080000000004
n_047_u_940_16,47,9.4,15,457.936
n_021_u_420_19,21,4.2,7,99.8030000000003
n_008_u_160_20,8,1.6,3,21.2290000000003
n_048_u_960_17,48,9.6,15,467.391
n_011_u_220_22,11,2.2,5,29.6780000000003
n_030_u_600_21,30,6,10,197.369
n_036_u_720_19,36,7.2,12,292.488
n_029_u_580_18,29,5.8,9,181.824
n_043_u_860_19,43,8.6,14,414.158
n_023_u_459_21,23,4.6,8,122.866
n_032_u_640_20,32,6.4,10,202.237
n_022_u_440_18,22,4.4,8,101.196
n_032_u_640_22,32,6.4,10,180.299
n_027_u_540_20,27,5.4,8,140.687
n_050_u_1000_20,50,10,16,450.125
n_015_u_300_18,15,3,5,54.6189999999997
n_049_u_980_16,49,9.8,16,522.62
n_038_u_760_22,38,7.6,14,317.498
n_045_u_900_19,45,9,16,352.33
n_042_u_840_16,42,8.4,13,350.057
n_014_u_280_18,14,2.8,5,68.2739999999999
n_018_u_360_22,18,3.6,7,97.5010000000002
n_030_u_600_20,30,6,9,194.92
n_015_u_300_19,15,3,5,61.1109999999999
n_010_u_200_21,10,2,4,31.8740000000003
n_019_u_380_22,19,3.8,6,79.5679999999998
n_027_u_540_21,27,5.4,9,147.788
n_033_u_660_21,33,6.6,11,257.43
n_034_u_680_19,34,6.8,10,232.142
n_034_u_680_21,34,6.8,11,239.51
n_005_u_100_24,5,1,3,31.9010000000003
n_009_u_180_18,9,1.8,4,26.6379999999999
n_012_u_240_21,12,2.4,5,35.1010000000001
n_030_u_600_22,30,6,11,228.276
n_039_u_780_22,39,7.8,13,302.595
n_016_u_320_18,16,3.2,6,62.5320000000002
n_006_u_120_24,6,1.2,3,12.1199999999999
n_022_u_440_20,22,4.4,8,135.747
n_039_u_780_20,39,7.8,12,325.451
n_021_u_420_21,21,4.2,7,115.858
n_017_u_340_22,17,3.4,6,83.3289999999997
n_049_u_980_19,49,9.8,15,524.905
n_006_u_120_22,6,1.2,3,13.23
n_033_u_660_22,33,6.6,12,241.565
n_038_u_760_21,38,7.6,13,338.775
n_028_u_560_21,28,5.6,9,170.489
n_005_u_100_23,5,1,3,18.1979999999999
n_036_u_720_21,36,7.2,12,301.61
n_033_u_660_19,33,6.6,10,211.292
n_050_u_1000_21,50,10,15,543.279
n_036_u_720_20,36,7.2,11,274.688
n_024_u_480_23,24,4.8,8,157.432
n_018_u_360_25,18,3.6,7,81.922
n_044_u_880_23,44,8.8,13,402.219
n_044_u_880_22,44,8.8,13,347.024
n_033_u_660_20,33,6.6,12,291.59
n_031_u_620_24,31,6.2,10,206.006
n_043_u_860_20,43,8.6,13,366.924
n_044_u_880_19,44,8.8,14,475.926
n_019_u_380_25,19,3.8,6,77.9940000000001
n_022_u_440_19,22,4.4,7,108
n_016_u_320_21,16,3.2,6,68.8780000000002
n_023_u_459_22,23,4.6,7,132.913
n_041_u_819_19,41,8.2,12,308.325
n_019_u_380_23,19,3.8,6,79.0879999999997
n_010_u_200_22,10,2,4,30.7980000000002
n_011_u_220_24,11,2.2,4,33.6880000000001
n_025_u_500_22,25,5,8,131.973
n_040_u_800_19,40,8,12,318.619
n_011_u_220_21,11,2.2,4,36.9809999999998
n_008_u_160_21,8,1.6,3,19.4539999999997
n_017_u_340_23,17,3.4,6,71.0370000000003
n_018_u_360_24,18,3.6,6,77.3589999999999
n_011_u_220_25,11,2.2,5,53.5389999999998
n_028_u_560_19,28,5.6,9,189.506
n_049_u_980_17,49,9.8,18,511.408
n_007_u_140_21,7,1.4,3,19.6819999999998
n_028_u_560_20,28,5.6,10,178.371
n_046_u_920_19,46,9.2,15,483.147
n_027_u_540_19,27,5.4,9,199.346
n_031_u_620_23,31,6.2,9,210.769
n_035_u_700_19,35,7,12,235.512
n_042_u_840_18,42,8.4,14,491.734
n_029_u_580_19,29,5.8,10,178.127
n_044_u_880_21,44,8.8,13,398.771
n_030_u_600_23,30,6,9,169.523
n_036_u_720_22,36,7.2,11,260.242
n_013_u_260_21,13,2.6,4,48.2830000000004
n_016_u_320_19,16,3.2,6,61.1849999999999
n_009_u_180_20,9,1.8,4,24.4839999999999
n_047_u_940_19,47,9.4,14,396.175
n_032_u_640_23,32,6.4,10,236.753
n_034_u_680_20,34,6.8,11,312.628
n_039_u_780_21,39,7.8,13,332.095
n_011_u_220_23,11,2.2,4,33.2730000000001
n_021_u_420_22,21,4.2,7,94.2129999999997
n_023_u_459_23,23,4.6,8,108.811
n_006_u_120_23,6,1.2,3,12.933
n_020_u_400_22,20,4,6,103.872
n_049_u_980_18,49,9.8,16,479.762
n_024_u_480_25,24,4.8,8,131.059
n_048_u_960_19,48,9.6,13,443.773
n_040_u_800_21,40,8,12,308.524
n_024_u_480_26,24,4.8,8,127.143
n_014_u_280_21,14,2.8,5,56.1480000000001
n_031_u_620_26,31,6.2,10,196.338
n_007_u_140_23,7,1.4,4,20.0039999999999
n_045_u_900_21,45,9,15,336.883
n_024_u_480_22,24,4.8,8,150.405
n_042_u_840_19,42,8.4,13,346.723
n_045_u_900_22,45,9,14,405.147
n_034_u_680_22,34,6.8,12,263.431
n_029_u_580_22,29,5.8,9,190.108
n_045_u_900_20,45,9,15,536.032
n_032_u_640_26,32,6.4,11,209.635
n_015_u_300_21,15,3,5,56.3360000000002
n_009_u_180_21,9,1.8,4,29.2980000000002
n_035_u_700_21,35,7,11,292.692
n_022_u_440_21,22,4.4,7,112.077
n_019_u_380_24,19,3.8,6,87.616
n_012_u_240_23,12,2.4,6,44.1179999999999
n_016_u_320_20,16,3.2,6,72.5799999999999
n_040_u_800_22,40,8,13,350.67
n_012_u_240_24,12,2.4,5,41.598
n_043_u_860_21,43,8.6,13,369.306
n_045_u_900_23,45,9,14,391.967
n_012_u_240_22,12,2.4,5,32.0740000000001
n_030_u_600_24,30,6,12,205.515
n_024_u_480_24,24,4.8,8,116.116
n_035_u_700_20,35,7,11,244.496
n_007_u_140_24,7,1.4,3,21.3429999999998
n_037_u_740_24,37,7.4,12,279.621
n_043_u_860_22,43,8.6,14,433.896
n_050_u_1000_22,50,10,17,649.313
n_032_u_640_24,32,6.4,10,254.764
n_047_u_940_20,47,9.4,15,384.707
n_010_u_200_23,10,2,5,36.9969999999998
n_026_u_520_22,26,5.2,8,171.722
n_012_u_240_25,12,2.4,5,37.2799999999997
n_020_u_400_24,20,4,7,100.823
n_029_u_580_20,29,5.8,9,178.761
n_031_u_620_25,31,6.2,11,249.77
n_010_u_200_24,10,2,4,29.0529999999999
n_050_u_1000_23,50,10,16,563.847
n_043_u_860_23,43,8.6,14,386.802
n_041_u_819_22,41,8.2,14,341.354
n_008_u_160_24,8,1.6,3,22.777
n_014_u_280_22,14,2.8,5,48.0589999999997
n_010_u_200_25,10,2,5,35.4939999999997
n_049_u_980_20,49,9.8,16,502.442
n_027_u_540_22,27,5.4,10,176.137
n_022_u_440_22,22,4.4,7,128.667
n_046_u_920_20,46,9.2,14,384.326
n_046_u_920_22,46,9.2,15,468.523
n_036_u_720_23,36,7.2,12,347.872
n_017_u_340_24,17,3.4,6,85.6669999999999
n_046_u_920_23,46,9.2,13,415.243
n_017_u_340_25,17,3.4,6,68.8259999999996
n_025_u_500_24,25,5,8,134.496
n_033_u_660_23,33,6.6,11,214.996
n_038_u_760_23,38,7.6,13,340.249
n_046_u_920_21,46,9.2,14,375.397
n_028_u_560_22,28,5.6,9,156.956
n_020_u_400_25,20,4,7,120.058
n_041_u_819_21,41,8.2,12,323.352
n_005_u_100_25,5,1,3,12.8070000000002
n_025_u_500_25,25,5,9,152.235
n_013_u_260_22,13,2.6,5,42.212
n_044_u_880_25,44,8.8,14,398.618
n_008_u_160_23,8,1.6,3,18.6749999999997
n_016_u_320_22,16,3.2,6,60.1169999999997
n_013_u_260_24,13,2.6,5,47.163
n_023_u_459_25,23,4.6,7,110.018
n_040_u_800_20,40,8,12,335.86
n_025_u_500_23,25,5,8,163.841
n_025_u_500_26,25,5,7,129.119
n_013_u_260_23,13,2.6,4,39.5080000000003
n_013_u_260_25,13,2.6,5,54.0370000000003
n_021_u_420_25,21,4.2,7,90.8889999999997
n_049_u_980_22,49,9.8,15,450.307
n_023_u_459_24,23,4.6,7,140.36
n_007_u_140_22,7,1.4,3,20.2539999999999
n_037_u_740_26,37,7.4,11,271.477
n_011_u_220_27,11,2.2,4,36.0360000000001
n_034_u_680_23,34,6.8,13,301.177
n_047_u_940_22,47,9.4,17,542.476
n_032_u_640_25,32,6.4,10,211.587
n_036_u_720_24,36,7.2,12,305.689
n_044_u_880_24,44,8.8,14,360.304
n_041_u_819_20,41,8.2,13,398.173
n_037_u_740_27,37,7.4,11,278.615
n_042_u_840_20,42,8.4,13,355.442
n_018_u_360_26,18,3.6,7,75.8959999999997
n_008_u_160_22,8,1.6,3,17.8179999999998
n_023_u_459_26,23,4.6,8,136.534
n_027_u_540_23,27,5.4,9,139.135
n_037_u_740_23,37,7.4,10,282.191
n_029_u_580_21,29,5.8,9,238.009
n_035_u_700_22,35,7,11,246.159
n_009_u_180_22,9,1.8,4,23.8299999999999
n_011_u_220_26,11,2.2,4,39.364
n_016_u_320_24,16,3.2,6,65.2179999999998
n_021_u_420_24,21,4.2,7,98.7950000000001
n_042_u_840_23,42,8.4,12,299.487
n_014_u_280_24,14,2.8,6,61.239
n_037_u_740_25,37,7.4,12,256.24
n_047_u_940_21,47,9.4,14,386.808
n_044_u_880_27,44,8.8,14,347.725
n_009_u_180_25,9,1.8,3,26.1689999999999
n_043_u_860_24,43,8.6,14,424.436
n_026_u_520_23,26,5.2,8,138.575
n_020_u_400_23,20,4,8,108.047
n_049_u_980_21,49,9.8,17,564.273
n_011_u_220_29,11,2.2,4,30.7629999999999
n_045_u_900_24,45,9,15,437.119
n_014_u_280_23,14,2.8,5,50.5140000000001
n_026_u_520_25,26,5.2,9,155.575
n_024_u_480_28,24,4.8,8,125.826
n_030_u_600_26,30,6,10,198.446
n_033_u_660_25,33,6.6,12,281.426
n_021_u_420_23,21,4.2,7,101.954
n_030_u_600_25,30,6,10,203.723
n_026_u_520_24,26,5.2,8,153.258
n_010_u_200_26,10,2,4,32.7159999999999
n_049_u_980_23,49,9.8,15,458.863
n_029_u_580_23,29,5.8,9,167.58
n_045_u_900_27,45,9,14,356.525
n_039_u_780_23,39,7.8,13,297.686
n_022_u_440_23,22,4.4,7,112.636
n_006_u_120_25,6,1.2,3,13.0460000000003
n_016_u_320_23,16,3.2,5,54.6969999999997
n_012_u_240_26,12,2.4,5,41.75
n_033_u_660_26,33,6.6,10,223.144
n_035_u_700_23,35,7,11,253.258
n_026_u_520_26,26,5.2,9,189.023
n_012_u_240_29,12,2.4,4,37.4589999999998
n_047_u_940_23,47,9.4,14,431.162
n_024_u_480_27,24,4.8,8,150.31
n_016_u_320_25,16,3.2,5,68.2829999999999
n_022_u_440_26,22,4.4,7,116.696
n_027_u_540_25,27,5.4,8,144.919
n_038_u_760_25,38,7.6,12,279.157
n_042_u_840_21,42,8.4,13,356.236
n_043_u_860_25,43,8.6,14,405.458
n_029_u_580_25,29,5.8,9,169.402
n_048_u_960_22,48,9.6,14,431.902
n_034_u_680_26,34,6.8,11,245.149
n_044_u_880_26,44,8.8,14,371.334
n_005_u_100_27,5,1,3,20.6800000000003
n_019_u_380_26,19,3.8,7,76.8969999999999
n_009_u_180_23,9,1.8,3,23.9380000000001
n_036_u_720_25,36,7.2,12,250.887
n_024_u_480_30,24,4.8,8,117.824
n_010_u_200_27,10,2,5,25.9659999999999
n_014_u_280_25,14,2.8,5,55.5860000000002
n_036_u_720_26,36,7.2,13,286.74
n_048_u_960_20,48,9.6,15,606.129
n_038_u_760_26,38,7.6,13,306.278
n_027_u_540_24,27,5.4,9,136.257
n_011_u_220_28,11,2.2,6,31.7000000000003
n_005_u_100_28,5,1,3,12.9740000000002
n_015_u_300_24,15,3,5,52.7629999999999
n_050_u_1000_25,50,10,17,451.198
n_041_u_819_23,41,8.2,13,338.116
n_040_u_800_23,40,8,14,364.348
n_023_u_459_27,23,4.6,9,151.592
n_038_u_760_27,38,7.6,13,311.069
n_036_u_720_27,36,7.2,11,258.838
n_031_u_620_27,31,6.2,11,264.561
n_007_u_140_25,7,1.4,4,17.9360000000001
n_008_u_160_25,8,1.6,4,19.6399999999999
n_038_u_760_24,38,7.6,12,326.779
n_025_u_500_27,25,5,8,137.847
n_005_u_100_29,5,1,3,14.3600000000001
n_018_u_360_28,18,3.6,6,71.9829999999997
n_025_u_500_30,25,5,8,140.018
n_034_u_680_25,34,6.8,13,255.93
n_045_u_900_25,45,9,14,476.752
n_040_u_800_24,40,8,13,291.218
n_015_u_300_22,15,3,5,64.9059999999999
n_005_u_100_26,5,1,3,35.7739999999999
n_007_u_140_26,7,1.4,4,13.9029999999998
n_017_u_340_27,17,3.4,6,64.7070000000003
n_048_u_960_21,48,9.6,16,526.92
n_029_u_580_24,29,5.8,10,184.604
n_018_u_360_29,18,3.6,7,78.0070000000001
n_012_u_240_27,12,2.4,4,38.4839999999999
n_022_u_440_24,22,4.4,7,125.800999999999
n_034_u_680_24,34,6.8,11,233.184
n_033_u_660_24,33,6.6,11,264.543
n_046_u_920_24,46,9.2,14,436.834
n_042_u_840_22,42,8.4,13,340.27
n_018_u_360_30,18,3.6,7,75.5779999999995
n_029_u_580_26,29,5.8,9,176.184
n_039_u_780_24,39,7.8,11,278.796
n_024_u_480_29,24,4.8,8,122.731
n_035_u_700_24,35,7,11,228.081
n_021_u_420_26,21,4.2,7,88.8239999999996
n_049_u_980_24,49,9.8,16,466.048
n_006_u_120_26,6,1.2,3,14.2780000000002
n_020_u_400_26,20,4,7,99.7330000000002
n_009_u_180_24,9,1.8,4,26.0200000000004
n_023_u_459_28,23,4.6,8,161.195000000001
n_018_u_360_27,18,3.6,6,76.0999999999999
n_015_u_300_23,15,3,6,73.7309999999998
n_013_u_260_26,13,2.6,5,51.3639999999996
n_027_u_540_26,27,5.4,9,182.614
n_028_u_560_25,28,5.6,9,158.598
n_039_u_780_26,39,7.8,13,315.519
n_020_u_400_27,20,4,7,101.915
n_039_u_780_25,39,7.8,13,309.722
n_032_u_640_27,32,6.4,10,207.15
n_050_u_1000_24,50,10,14,408.057
n_037_u_740_29,37,7.4,13,326.232
n_006_u_120_28,6,1.2,3,13.8999999999996
n_006_u_120_27,6,1.2,3,13.5780000000004
n_050_u_1000_27,50,10,15,457.677
n_016_u_320_26,16,3.2,6,64.6930000000002
n_049_u_980_25,49,9.8,15,447.971
n_047_u_940_24,47,9.4,14,456.343
n_035_u_700_27,35,7,11,255.338
n_037_u_740_28,37,7.4,11,275.371
n_025_u_500_28,25,5,8,117.335999999999
n_039_u_780_27,39,7.8,13,307.986
n_037_u_740_31,37,7.4,11,247.189
n_048_u_960_23,48,9.6,16,445.807
n_031_u_620_29,31,6.2,10,186.054000000001
n_019_u_380_27,19,3.8,7,96.6289999999999
n_006_u_120_29,6,1.2,3,14.3909999999996
n_045_u_900_26,45,9,13,488.263
n_028_u_560_23,28,5.6,9,175.54
n_022_u_440_25,22,4.4,7,101.281
n_014_u_280_26,14,2.8,5,46.7510000000002
n_043_u_860_27,43,8.6,13,380.418000000001
n_050_u_1000_28,50,10,15,494.532
n_017_u_340_26,17,3.4,6,66.3810000000003
n_016_u_320_27,16,3.2,6,55.9849999999997
n_043_u_860_26,43,8.6,13,388.293
n_040_u_800_26,40,8,12,322.944
n_017_u_340_29,17,3.4,6,77.54
n_015_u_300_25,15,3,5,50.8149999999996
n_010_u_200_29,10,2,4,29.8549999999996
n_012_u_240_28,12,2.4,5,44.1619999999994
n_019_u_380_28,19,3.8,6,84.29
n_019_u_380_29,19,3.8,7,88.2609999999995
n_031_u_620_30,31,6.2,9,191.333
n_010_u_200_28,10,2,5,26.9589999999998
n_030_u_600_28,30,6,9,209.735
n_007_u_140_28,7,1.4,3,22.9850000000006
n_026_u_520_27,26,5.2,8,130.449000000001
n_036_u_720_28,36,7.2,11,274.985999999999
n_042_u_840_24,42,8.4,14,430.777
n_019_u_380_30,19,3.8,7,81.1329999999998
n_031_u_620_31,31,6.2,11,212.827
n_009_u_180_26,9,1.8,4,25.308
n_046_u_920_27,46,9.2,16,425.883
n_017_u_340_30,17,3.4,6,82.1710000000003
n_040_u_800_25,40,8,13,335.201
n_050_u_1000_26,50,10,15,524.635
n_028_u_560_24,28,5.6,9,184.632000000001
n_031_u_620_28,31,6.2,10,192.501999999999
n_042_u_840_26,42,8.4,13,388.195
n_038_u_760_28,38,7.6,12,306.676
n_007_u_140_27,7,1.4,3,14.8060000000005
n_047_u_940_27,47,9.4,13,383.552000000001
n_034_u_680_27,34,6.8,12,230.559
n_033_u_660_27,33,6.6,10,222.561
n_038_u_760_31,38,7.6,12,310.231
n_009_u_180_28,9,1.8,4,19.0619999999999
n_013_u_260_29,13,2.6,5,41.4789999999994
n_037_u_740_30,37,7.4,12,249.688
n_046_u_920_26,46,9.2,14,507.04
n_029_u_580_27,29,5.8,9,184.217000000001
n_035_u_700_25,35,7,11,289.188999999999
n_014_u_280_29,14,2.8,5,45.4970000000003
n_020_u_400_29,20,4,7,102.279
n_023_u_459_30,23,4.6,7,131.705
n_005_u_100_30,5,1,3,62.5970000000007
n_048_u_960_24,48,9.6,15,502.554
n_017_u_340_28,17,3.4,6,76.8239999999996
n_023_u_459_29,23,4.6,9,133.259
n_044_u_880_28,44,8.8,13,388.044
n_030_u_600_27,30,6,10,172.791
n_027_u_540_27,27,5.4,9,178.701
n_025_u_500_29,25,5,8,145.624000000001
n_013_u_260_28,13,2.6,5,54.4659999999994
n_020_u_400_28,20,4,7,83.4899999999998
n_033_u_660_28,33,6.6,12,258.001
n_049_u_980_27,49,9.8,14,447.015
n_028_u_560_26,28,5.6,9,169.984
n_029_u_580_28,29,5.8,10,194.861000000001
n_036_u_720_29,36,7.2,13,304.225
n_032_u_640_28,32,6.4,10,223.182
n_049_u_980_28,49,9.8,15,423.081
n_011_u_220_30,11,2.2,5,35.1410000000005
n_042_u_840_25,42,8.4,13,381.444
n_047_u_940_26,47,9.4,14,408.672
n_022_u_440_27,22,4.4,7,139.239
n_042_u_840_27,42,8.4,14,353.817
n_015_u_300_26,15,3,5,63.2380000000003
n_032_u_640_29,32,6.4,10,197.258
n_022_u_440_29,22,4.4,7,119.654
n_009_u_180_27,9,1.8,3,24.1729999999998
n_018_u_360_31,18,3.6,6,80.8759999999993
n_030_u_600_30,30,6,11,219.853
n_009_u_180_29,9,1.8,4,31.7460000000001
n_049_u_980_26,49,9.8,15,527.385
n_016_u_320_29,16,3.2,5,63.2579999999998
n_026_u_520_30,26,5.2,9,135.08
n_016_u_320_30,16,3.2,5,56.9369999999999
n_014_u_280_28,14,2.8,6,48.0299999999997
n_041_u_819_26,41,8.2,13,345.414
n_038_u_760_29,38,7.6,13,301.105
n_032_u_640_30,32,6.4,9,235.974999999999
n_035_u_700_26,35,7,12,276.933
n_030_u_600_31,30,6,11,192.162
n_046_u_920_25,46,9.2,13,422.813999999999
n_005_u_100_31,5,1,3,14.8029999999999
n_008_u_160_28,8,1.6,4,19.5780000000004
n_048_u_960_25,48,9.6,15,410.832
n_045_u_900_28,45,9,14,359.851000000001
n_027_u_540_30,27,5.4,8,153.931
n_040_u_800_27,40,8,14,392.085999999999
n_026_u_520_29,26,5.2,8,133.353999999999
n_032_u_640_31,32,6.4,11,264.542
n_007_u_140_29,7,1.4,3,16.3779999999997
n_016_u_320_28,16,3.2,5,76.1560000000009
n_012_u_240_30,12,2.4,6,39.6130000000003
n_013_u_260_27,13,2.6,5,54.7170000000006
n_047_u_940_25,47,9.4,16,481.478
n_015_u_300_27,15,3,5,53.3950000000004
n_044_u_880_30,44,8.8,13,362.059999999999
n_033_u_660_30,33,6.6,10,200.151999999999
n_041_u_819_24,41,8.2,14,361.759
n_022_u_440_28,22,4.4,8,112.27
n_030_u_600_29,30,6,10,206.725
n_024_u_480_31,24,4.8,9,166.072
n_048_u_960_28,48,9.6,15,418.772
n_018_u_360_32,18,3.6,7,92.299
n_011_u_220_32,11,2.2,4,32.7219999999998
n_008_u_160_26,8,1.6,4,24.1179999999995
n_014_u_280_27,14,2.8,5,45.5140000000001
n_039_u_780_28,39,7.8,13,333.805
n_028_u_560_27,28,5.6,9,158.388
n_022_u_440_30,22,4.4,8,129.881
n_036_u_720_30,36,7.2,11,220.844
n_021_u_420_29,21,4.2,8,103.748000000001
n_043_u_860_29,43,8.6,13,354.964
n_050_u_1000_30,50,10,15,454.438
n_006_u_120_30,6,1.2,3,15.4990000000007
n_029_u_580_30,29,5.8,9,154.697
n_036_u_720_31,36,7.2,11,252.703
n_020_u_400_30,20,4,7,88.0029999999997
n_010_u_200_31,10,2,4,30.2859999999991
n_031_u_620_32,31,6.2,10,186.081
n_033_u_660_29,33,6.6,10,251.737
n_027_u_540_29,27,5.4,9,171.976
n_029_u_580_31,29,5.8,11,177.494000000001
n_015_u_300_30,15,3,5,73.4369999999999
n_050_u_1000_29,50,10,15,480.678
n_038_u_760_30,38,7.6,11,271.874
n_042_u_840_28,42,8.4,12,315.435
n_049_u_980_29,49,9.8,15,404.718
n_044_u_880_29,44,8.8,14,357.581
n_044_u_880_31,44,8.8,14,428.646
n_035_u_700_30,35,7,11,226.473999999999
n_041_u_819_25,41,8.2,13,373.004
n_005_u_100_32,5,1,3,20.9189999999999
n_040_u_800_28,40,8,14,296.009999999999
n_009_u_180_30,9,1.8,4,24.0430000000006
n_044_u_880_32,44,8.8,14,390.201
n_017_u_340_32,17,3.4,6,76.2380000000003
n_025_u_500_31,25,5,8,144.148999999999
n_021_u_420_27,21,4.2,7,102.021000000001
n_019_u_380_31,19,3.8,7,81.9979999999996
n_011_u_220_31,11,2.2,4,30.7920000000004
n_008_u_160_27,8,1.6,3,20.0839999999998
n_007_u_140_30,7,1.4,3,16.924
n_050_u_1000_32,50,10,16,516.239
n_029_u_580_29,29,5.8,10,169.315
n_011_u_220_33,11,2.2,4,40.3369999999995
n_042_u_840_29,42,8.4,13,302.793000000001
n_011_u_220_34,11,2.2,4,39.9749999999995
n_016_u_320_31,16,3.2,6,70.29
n_024_u_480_33,24,4.8,8,149.397999999999
n_009_u_180_31,9,1.8,4,24.4279999999999
n_035_u_700_28,35,7,12,307.795999999999
n_017_u_340_31,17,3.4,6,83.0050000000001
n_026_u_520_28,26,5.2,9,195.556
n_028_u_560_28,28,5.6,10,189.925
n_023_u_459_32,23,4.6,7,121.103
n_017_u_340_34,17,3.4,6,62.9339999999993
n_043_u_860_28,43,8.6,14,382.861
n_018_u_360_33,18,3.6,6,98.1000000000004
n_039_u_780_31,39,7.8,13,307.23
n_027_u_540_28,27,5.4,9,186.971
n_046_u_920_28,46,9.2,14,461.503
n_022_u_440_31,22,4.4,7,100.845
n_006_u_120_33,6,1.2,3,12.3500000000004
n_020_u_400_31,20,4,6,91.3890000000001
n_010_u_200_30,10,2,4,26.5479999999998
n_031_u_620_33,31,6.2,10,213.599
n_040_u_800_31,40,8,12,292.713000000001
n_047_u_940_28,47,9.4,16,490.366
n_024_u_480_32,24,4.8,8,116.043000000001
n_039_u_780_30,39,7.8,12,288.52
n_046_u_920_29,46,9.2,15,416.876999999999
n_021_u_420_28,21,4.2,7,121.704
n_041_u_819_27,41,8.2,13,410.699
n_035_u_700_31,35,7,10,224.045
n_013_u_260_30,13,2.6,5,40.6120000000001
n_007_u_140_33,7,1.4,3,18.4830000000002
n_043_u_860_31,43,8.6,15,369.446
n_006_u_120_32,6,1.2,3,15.2759999999998
n_037_u_740_32,37,7.4,11,252.398
n_022_u_440_32,22,4.4,7,105.505
n_050_u_1000_31,50,10,15,508.898999999999
n_028_u_560_31,28,5.6,10,187.737999999999
n_008_u_160_29,8,1.6,3,29.1800000000003
n_024_u_480_34,24,4.8,9,136.023
n_024_u_480_35,24,4.8,7,127.382000000001
n_010_u_200_33,10,2,4,28.5200000000004
n_013_u_260_31,13,2.6,5,36.6549999999997
n_014_u_280_30,14,2.8,5,47.1080000000002
n_045_u_900_31,45,9,14,382.513
n_048_u_960_26,48,9.6,14,509.985
n_035_u_700_29,35,7,16,300.249
n_033_u_660_31,33,6.6,12,239.240000000001
n_019_u_380_34,19,3.8,6,82.2039999999997
n_034_u_680_30,34,6.8,11,281.536
n_029_u_580_32,29,5.8,8,148.51
n_032_u_640_32,32,6.4,10,199.635
n_030_u_600_33,30,6,12,213.225
n_034_u_680_28,34,6.8,11,214.375
n_017_u_340_33,17,3.4,6,65.5660000000007
n_012_u_240_33,12,2.4,4,50.3189999999995
n_045_u_900_30,45,9,15,476.407
n_019_u_380_33,19,3.8,6,97.3060000000005
n_015_u_300_28,15,3,6,65.9880000000003
n_020_u_400_34,20,4,8,108.87
n_023_u_459_31,23,4.6,9,148.989
n_045_u_900_29,45,9,15,530.634
n_043_u_860_32,43,8.6,15,461.26
n_045_u_900_32,45,9,13,407.432
n_049_u_980_30,49,9.8,15,542.989
n_021_u_420_30,21,4.2,8,106.018999999999
n_030_u_600_32,30,6,10,215.844
n_041_u_819_28,41,8.2,14,361.084000000001
n_012_u_240_32,12,2.4,5,44.5990000000002
n_023_u_459_34,23,4.6,7,107.963000000001
n_043_u_860_30,43,8.6,13,379.766000000001
n_048_u_960_27,48,9.6,15,479.689
n_030_u_600_35,30,6,9,197.086
n_026_u_520_31,26,5.2,8,145.964
n_042_u_840_31,42,8.4,14,350.619
n_010_u_200_34,10,2,4,26.5680000000002
n_005_u_100_33,5,1,3,649.086
n_008_u_160_30,8,1.6,4,21.1970000000001
n_037_u_740_34,37,7.4,12,249.303
n_040_u_800_30,40,8,12,336.11
n_012_u_240_34,12,2.4,5,43.9960000000001
n_010_u_200_32,10,2,4,31.1580000000004
n_012_u_240_31,12,2.4,5,47.9430000000002
n_031_u_620_34,31,6.2,10,217.912
n_009_u_180_33,9,1.8,4,24.4349999999995
n_007_u_140_32,7,1.4,3,19.3509999999997
n_046_u_920_31,46,9.2,14,447.259
n_026_u_520_32,26,5.2,9,157.200000000001
n_046_u_920_30,46,9.2,15,365.323
n_036_u_720_33,36,7.2,11,256.87
n_044_u_880_33,44,8.8,13,373.530000000001
n_033_u_660_32,33,6.6,10,229.2
n_016_u_320_32,16,3.2,5,66.5230000000001
n_015_u_300_29,15,3,5,62.9859999999999
n_042_u_840_32,42,8.4,14,381.678
n_027_u_540_31,27,5.4,9,186.187000000001
n_018_u_360_34,18,3.6,7,67.165
n_049_u_980_31,49,9.8,14,444.216
n_011_u_220_35,11,2.2,5,32.6199999999999
n_034_u_680_29,34,6.8,10,227.633000000001
n_013_u_260_33,13,2.6,5,44.0109999999995
n_013_u_260_32,13,2.6,5,41.4560000000001
n_009_u_180_34,9,1.8,3,24.2080000000005
n_037_u_740_33,37,7.4,11,252.635
n_042_u_840_30,42,8.4,13,355.682
n_039_u_780_29,39,7.8,13,326.803
n_025_u_500_34,25,5,8,156.803999999999
n_021_u_420_31,21,4.2,6,107.374
n_006_u_120_31,6,1.2,3,16.8689999999997
n_023_u_459_35,23,4.6,8,113.42
n_030_u_600_34,30,6,10,183.681
n_025_u_500_33,25,5,9,134.253
n_009_u_180_32,9,1.8,4,28.0930000000008
n_041_u_819_29,41,8.2,13,357.276
n_035_u_700_33,35,7,11,257.186
n_028_u_560_29,28,5.6,9,175.112
n_023_u_459_33,23,4.6,7,115.699000000001
n_040_u_800_29,40,8,13,330.862
n_016_u_320_33,16,3.2,6,65.3309999999992
n_037_u_740_36,37,7.4,11,265.368
n_037_u_740_35,37,7.4,11,269.228
n_020_u_400_33,20,4,7,112.821
n_049_u_980_32,49,9.8,15,495.209
n_008_u_160_31,8,1.6,3,20.0870000000004
n_022_u_440_34,22,4.4,7,125.674
n_035_u_700_32,35,7,12,340.594999999999
n_007_u_140_31,7,1.4,3,16.0140000000001
n_048_u_960_31,48,9.6,14,455.772
n_025_u_500_35,25,5,8,138.415
n_032_u_640_35,32,6.4,11,260.668
n_038_u_760_32,38,7.6,13,449.624
n_025_u_500_32,25,5,8,147.264999999999
n_033_u_660_35,33,6.6,10,213.396
n_005_u_100_34,5,1,3,12.6379999999999
n_032_u_640_34,32,6.4,10,228.049
n_022_u_440_35,22,4.4,7,102.802
n_041_u_819_32,41,8.2,12,319.902
n_024_u_480_36,24,4.8,8,118.972
n_019_u_380_32,19,3.8,7,83.3710000000001
n_029_u_580_33,29,5.8,9,157.014
n_026_u_520_34,26,5.2,9,131.067
n_026_u_520_33,26,5.2,8,130.53
n_008_u_160_34,8,1.6,3,20.2519999999995
n_034_u_680_31,34,6.8,11,233.84
n_016_u_320_34,16,3.2,6,73.5140000000001
n_044_u_880_34,44,8.8,13,393.663
n_015_u_300_33,15,3,5,68.0690000000004
n_036_u_720_32,36,7.2,12,259.35
n_021_u_420_32,21,4.2,7,91.259
n_020_u_400_32,20,4,7,87.8789999999999
n_028_u_560_30,28,5.6,8,188.575
n_011_u_220_36,11,2.2,4,29.6959999999999
n_018_u_360_35,18,3.6,6,75.5459999999994
n_036_u_720_35,36,7.2,11,267.073
n_048_u_960_29,48,9.6,14,488.657999999999
n_042_u_840_33,42,8.4,13,347.806
n_022_u_440_33,22,4.4,8,150.483
n_043_u_860_34,43,8.6,15,354.271
n_009_u_180_35,9,1.8,4,26.3770000000004
n_045_u_900_33,45,9,13,373.242999999999
n_010_u_200_36,10,2,4,28.2969999999996
n_047_u_940_29,47,9.4,15,375.991999999999
n_039_u_780_33,39,7.8,12,271.286
n_015_u_300_31,15,3,6,61.1999999999998
n_050_u_1000_33,50,10,15,456.11
n_006_u_120_35,6,1.2,3,11.0039999999999
n_021_u_420_35,21,4.2,7,108.872
n_031_u_620_35,31,6.2,10,250.509
n_029_u_580_34,29,5.8,10,186.525
n_039_u_780_32,39,7.8,13,334.321
n_047_u_940_31,47,9.4,15,420.62
n_012_u_240_35,12,2.4,5,43.3070000000007
n_006_u_120_34,6,1.2,3,12.4870000000001
n_043_u_860_36,43,8.6,14,359.676
n_046_u_920_32,46,9.2,15,454.636
n_014_u_280_31,14,2.8,5,51.0799999999999
n_034_u_680_32,34,6.8,11,246.175
n_048_u_960_30,48,9.6,15,466.41
n_048_u_960_32,48,9.6,15,513.742
n_043_u_860_33,43,8.6,13,383.745000000001
n_024_u_480_37,24,4.8,8,127.064
n_010_u_200_38,10,2,4,29.1659999999993
n_038_u_760_34,38,7.6,12,260.884
n_029_u_580_35,29,5.8,10,162.797
n_014_u_280_33,14,2.8,5,50.6769999999997
n_017_u_340_35,17,3.4,6,64.6559999999999
n_046_u_920_33,46,9.2,13,339.915000000001
n_036_u_720_34,36,7.2,11,251.359
n_028_u_560_34,28,5.6,9,164.267
n_005_u_100_36,5,1,3,16.6630000000005
n_022_u_440_36,22,4.4,7,114.611
n_010_u_200_35,10,2,4,32.8180000000002
n_013_u_260_34,13,2.6,5,53.5839999999998
n_036_u_720_36,36,7.2,12,291.112
n_019_u_380_36,19,3.8,7,87.1120000000001
n_035_u_700_36,35,7,11,221.637
n_033_u_660_34,33,6.6,11,266.074
n_038_u_760_35,38,7.6,12,315.826
n_032_u_640_33,32,6.4,10,216.394
n_015_u_300_34,15,3,5,56.6660000000002
n_035_u_700_35,35,7,13,267.043000000001
n_015_u_300_32,15,3,6,58.7349999999997
n_023_u_459_37,23,4.6,7,119.572
n_019_u_380_35,19,3.8,7,83.0369999999994
n_005_u_100_37,5,1,3,17.2059999999992
n_013_u_260_35,13,2.6,5,43.6149999999998
n_050_u_1000_35,50,10,16,428.697999999999
n_040_u_800_32,40,8,13,380.751
n_037_u_740_37,37,7.4,12,265.083
n_031_u_620_36,31,6.2,10,210.478
n_044_u_880_35,44,8.8,14,443.747
n_018_u_360_37,18,3.6,6,67.9459999999999
n_007_u_140_34,7,1.4,4,15.3600000000006
n_033_u_660_33,33,6.6,10,235.072999999999
n_041_u_819_30,41,8.2,13,345.546
n_034_u_680_33,34,6.8,11,259.381
n_008_u_160_32,8,1.6,4,20.7299999999996
n_023_u_459_39,23,4.6,8,122.223
n_038_u_760_33,38,7.6,12,333.063999999999
n_038_u_760_36,38,7.6,12,349.965
n_035_u_700_34,35,7,10,235.46
n_025_u_500_36,25,5,9,177.41
n_049_u_980_34,49,9.8,16,470.075
n_011_u_220_37,11,2.2,5,45.3680000000004
n_028_u_560_32,28,5.6,9,197.155
n_017_u_340_37,17,3.4,6,76.2540000000008
n_047_u_940_30,47,9.4,15,443.944
n_042_u_840_34,42,8.4,12,317.731
n_018_u_360_38,18,3.6,7,94.6680000000006
n_005_u_100_38,5,1,3,16.6710000000003
n_005_u_100_35,5,1,3,28.5929999999998
n_027_u_540_32,27,5.4,9,174.312
n_030_u_600_36,30,6,9,149.987
n_027_u_540_34,27,5.4,9,160.199
n_009_u_180_36,9,1.8,4,20.0360000000001
n_039_u_780_34,39,7.8,12,331.521
n_023_u_459_36,23,4.6,8,148.007
n_006_u_120_36,6,1.2,3,12.9580000000005
n_020_u_400_35,20,4,7,93.0129999999999
n_039_u_780_35,39,7.8,13,351.778
n_028_u_560_35,28,5.6,9,149.867
n_026_u_520_35,26,5.2,8,165.602
n_026_u_520_36,26,5.2,9,144.192
n_045_u_900_36,45,9,14,417.944
n_006_u_120_37,6,1.2,3,18.393
n_041_u_819_31,41,8.2,12,339.319
n_034_u_680_36,34,6.8,11,262.262000000001
n_014_u_280_32,14,2.8,5,67.0150000000003
n_021_u_420_33,21,4.2,7,90.7380000000003
n_016_u_320_36,16,3.2,6,78.7029999999995
n_050_u_1000_34,50,10,16,498.130999999999
n_046_u_920_36,46,9.2,15,419.635
n_028_u_560_33,28,5.6,8,179.751
n_008_u_160_33,8,1.6,3,18.9050000000007
n_018_u_360_39,18,3.6,7,87.2030000000004
n_048_u_960_34,48,9.6,15,483.85
n_043_u_860_35,43,8.6,13,495.688
n_048_u_960_33,48,9.6,14,469.054
n_012_u_240_38,12,2.4,6,44.2760000000007
n_018_u_360_36,18,3.6,6,92.5130000000008
n_032_u_640_37,32,6.4,10,220.246
n_037_u_740_38,37,7.4,12,250.512000000001
n_019_u_380_37,19,3.8,6,71.8769999999995
n_024_u_480_38,24,4.8,8,130.189
n_022_u_440_37,22,4.4,7,101.958000000001
n_013_u_260_38,13,2.6,5,52.8000000000002
n_010_u_200_37,10,2,4,36.9039999999995
n_032_u_640_36,32,6.4,11,226.795
n_017_u_340_36,17,3.4,7,62.9110000000001
n_047_u_940_32,47,9.4,14,440.932
n_015_u_300_36,15,3,5,53.6350000000002
n_035_u_700_37,35,7,11,270.213
n_050_u_1000_37,50,10,16,527.679
n_031_u_620_38,31,6.2,10,213.344999999999
n_019_u_380_38,19,3.8,6,99.8670000000002
n_049_u_980_36,49,9.8,15,426.202
n_042_u_840_35,42,8.4,13,360.299
n_015_u_300_35,15,3,5,66.9170000000004
n_050_u_1000_36,50,10,15,544.754
n_036_u_720_38,36,7.2,11,265.059999999999
n_021_u_420_34,21,4.2,9,98.29
n_045_u_900_35,45,9,16,520.840999999999
n_014_u_280_34,14,2.8,5,52.1449999999995
n_031_u_620_39,31,6.2,10,188.94
n_009_u_180_37,9,1.8,4,29.1140000000005
n_041_u_819_35,41,8.2,13,327.101000000001
n_042_u_840_36,42,8.4,13,350.822
n_027_u_540_33,27,5.4,9,149.52
n_017_u_340_39,17,3.4,6,66.5289999999995
n_049_u_980_33,49,9.8,15,509.96
n_008_u_160_37,8,1.6,4,26.5619999999999
n_012_u_240_37,12,2.4,5,41.8029999999999
n_016_u_320_38,16,3.2,7,63.8590000000004
n_038_u_760_37,38,7.6,11,243.784000000001
n_044_u_880_36,44,8.8,13,435.125
n_036_u_720_40,36,7.2,10,255.675
n_009_u_180_38,9,1.8,4,24.8950000000004
n_047_u_940_33,47,9.4,14,406.643
n_026_u_520_39,26,5.2,8,123.021
n_023_u_459_38,23,4.6,8,123.862
n_017_u_340_38,17,3.4,6,89.2070000000003
n_030_u_600_38,30,6,10,263.61
n_045_u_900_34,45,9,14,369.656
n_005_u_100_39,5,1,3,29.6039999999994
n_011_u_220_38,11,2.2,4,31.6229999999996
n_025_u_500_39,25,5,8,170.874
n_034_u_680_34,34,6.8,10,205.068
n_033_u_660_36,33,6.6,10,234.963
n_016_u_320_35,16,3.2,6,55.5879999999997
n_041_u_819_33,41,8.2,13,301.718999999999
n_029_u_580_37,29,5.8,11,233.067
n_032_u_640_38,32,6.4,10,194.751
n_022_u_440_38,22,4.4,7,110.432
n_014_u_280_35,14,2.8,5,61.6030000000001
n_048_u_960_37,48,9.6,14,420.071
n_012_u_240_36,12,2.4,5,48.674
n_048_u_960_36,48,9.6,14,415.734
n_008_u_160_35,8,1.6,4,21.4690000000001
n_028_u_560_37,28,5.6,9,181.795
n_031_u_620_40,31,6.2,11,236.112
n_030_u_600_37,30,6,10,194.437
n_028_u_560_36,28,5.6,9,168.182
n_036_u_720_37,36,7.2,12,312.021000000001
n_040_u_800_35,40,8,12,320.343
n_022_u_440_39,22,4.4,7,105.053000000001
n_046_u_920_35,46,9.2,16,452.174
n_044_u_880_37,44,8.8,13,401.409
n_032_u_640_39,32,6.4,10,188.972
n_021_u_420_38,21,4.2,8,127.329
n_046_u_920_34,46,9.2,13,395.646
n_025_u_500_38,25,5,8,130.601
n_007_u_140_37,7,1.4,4,14.1620000000003
n_018_u_360_40,18,3.6,6,93.3069999999998
n_027_u_540_35,27,5.4,8,173.507000000001
n_031_u_620_37,31,6.2,11,260.934
n_015_u_300_38,15,3,6,49.9520000000002
n_035_u_700_38,35,7,12,244.175
n_015_u_300_39,15,3,5,67.259
n_041_u_819_34,41,8.2,13,301.032
n_039_u_780_37,39,7.8,13,325.162
n_039_u_780_36,39,7.8,12,331.359
n_011_u_220_39,11,2.2,4,38.3869999999997
n_047_u_940_34,47,9.4,14,410.065
n_040_u_800_33,40,8,13,377.942
n_013_u_260_37,13,2.6,6,47.9399999999996
n_024_u_480_39,24,4.8,8,123.897
n_006_u_120_38,6,1.2,3,12.5799999999999
n_013_u_260_36,13,2.6,5,43.1149999999998
n_006_u_120_39,6,1.2,3,15.9479999999994
n_008_u_160_36,8,1.6,4,24.067
n_021_u_420_36,21,4.2,7,92.3269999999993
n_007_u_140_35,7,1.4,3,20.4989999999998
n_034_u_680_35,34,6.8,12,236.724
n_043_u_860_37,43,8.6,13,401.054999999999
n_029_u_580_39,29,5.8,10,188.847000000001
n_049_u_980_35,49,9.8,16,550.261
n_030_u_600_40,30,6,9,208.104
n_041_u_819_36,41,8.2,14,380.425999999999
n_014_u_280_36,14,2.8,6,50.5999999999995
n_037_u_740_39,37,7.4,11,317.75
n_010_u_200_39,10,2,5,27.6599999999999
n_050_u_1000_38,50,10,16,506.661999999999
n_008_u_160_38,8,1.6,4,19.259
n_020_u_400_38,20,4,7,92.5690000000004
n_029_u_580_36,29,5.8,9,179.596
n_027_u_540_36,27,5.4,8,148.656
n_025_u_500_37,25,5,8,148.909
n_016_u_320_37,16,3.2,5,54.1210000000001
n_045_u_900_38,45,9,15,369.599
n_030_u_600_39,30,6,9,219.476
n_019_u_380_40,19,3.8,6,85.0369999999994
n_019_u_380_39,19,3.8,6,98.7870000000003
n_049_u_980_37,49,9.8,16,611.571999999999
n_047_u_940_37,47,9.4,14,436.827
n_045_u_900_37,45,9,14,371.083
n_036_u_720_39,36,7.2,11,250.995
n_020_u_400_36,20,4,7,99.1379999999999
n_017_u_340_40,17,3.4,6,67.8900000000003
n_024_u_480_40,24,4.8,8,131.491
n_012_u_240_40,12,2.4,5,38.4099999999999
n_021_u_420_37,21,4.2,7,116.535000000001
n_038_u_760_40,38,7.6,11,252.616
n_044_u_880_39,44,8.8,13,366.678
n_048_u_960_35,48,9.6,15,541.079
n_028_u_560_39,28,5.6,9,168.192
n_012_u_240_39,12,2.4,5,35.0099999999993
n_021_u_420_39,21,4.2,7,94.7600000000002
n_035_u_700_39,35,7,11,240.064
n_026_u_520_38,26,5.2,9,152.660000000001
n_039_u_780_40,39,7.8,12,299.406
n_014_u_280_39,14,2.8,6,50.7709999999997
n_005_u_100_42,5,1,3,26.0190000000002
n_011_u_220_41,11,2.2,4,33.9639999999999
n_023_u_459_40,23,4.6,7,118.585
n_006_u_120_42,6,1.2,3,14.116
n_035_u_700_40,35,7,11,222.573
n_026_u_520_37,26,5.2,9,173.179999999999
n_050_u_1000_39,50,10,15,462.831999999999
n_028_u_560_40,28,5.6,9,201.977000000001
n_040_u_800_34,40,8,13,365.982
n_016_u_320_39,16,3.2,6,85.1189999999997
n_015_u_300_37,15,3,5,57.0439999999999
n_027_u_540_37,27,5.4,9,154.625
n_007_u_140_36,7,1.4,3,16.5510000000004
n_034_u_680_39,34,6.8,10,247.454000000001
n_044_u_880_40,44,8.8,13,413.567
n_031_u_620_41,31,6.2,10,253.128000000001
n_018_u_360_43,18,3.6,6,71.3319999999994
n_034_u_680_37,34,6.8,11,213.674
n_048_u_960_38,48,9.6,14,479.62
n_042_u_840_38,42,8.4,14,339.282
n_019_u_380_43,19,3.8,7,82.1390000000001
n_043_u_860_39,43,8.6,12,385.016
n_011_u_220_42,11,2.2,5,40.0230000000001
n_046_u_920_37,46,9.2,14,379.936
n_037_u_740_40,37,7.4,12,263.005
n_029_u_580_38,29,5.8,11,190.051
n_047_u_940_35,47,9.4,14,392.102
n_009_u_180_40,9,1.8,4,24.2480000000005
n_025_u_500_40,25,5,7,131.039
n_010_u_200_41,10,2,4,25.8919999999998
n_043_u_860_38,43,8.6,14,344.38
n_017_u_340_41,17,3.4,8,103.266
n_025_u_500_41,25,5,9,159.346
n_041_u_819_37,41,8.2,13,345.576999999999
n_024_u_480_42,24,4.8,7,121.959
n_020_u_400_37,20,4,7,90.1769999999997
n_015_u_300_40,15,3,6,58.2359999999999
n_041_u_819_38,41,8.2,13,364.982000000001
n_038_u_760_39,38,7.6,11,338.103
n_013_u_260_39,13,2.6,5,39.8959999999997
n_033_u_660_39,33,6.6,11,246.933
n_049_u_980_39,49,9.8,16,529.559999999999
n_010_u_200_40,10,2,4,29.0829999999996
n_045_u_900_40,45,9,13,356.501999999999
n_008_u_160_39,8,1.6,4,25.1970000000001
n_032_u_640_41,32,6.4,9,226.094999999999
n_032_u_640_40,32,6.4,10,214.832
n_044_u_880_41,44,8.8,13,382.992999999999
n_030_u_600_41,30,6,11,199.616
n_014_u_280_37,14,2.8,6,47.3609999999999
n_027_u_540_40,27,5.4,8,167.146
n_008_u_160_40,8,1.6,4,27.3869999999997
n_040_u_800_36,40,8,12,363.758
n_012_u_240_42,12,2.4,4,34.5599999999995
n_011_u_220_43,11,2.2,5,30.6949999999997
n_007_u_140_38,7,1.4,3,20.5080000000007
n_028_u_560_38,28,5.6,8,161.384
n_033_u_660_37,33,6.6,11,241.358
n_005_u_100_41,5,1,3,60.6589999999997
n_042_u_840_40,42,8.4,13,342.186000000001
n_016_u_320_41,16,3.2,6,56.7710000000006
n_024_u_480_43,24,4.8,7,118.106000000001
n_034_u_680_38,34,6.8,11,257.623
n_034_u_680_40,34,6.8,11,236.474999999999
n_040_u_800_37,40,8,15,324.34
n_009_u_180_42,9,1.8,4,25.5389999999998
n_023_u_459_42,23,4.6,8,111.627
n_038_u_760_38,38,7.6,12,327.29
n_022_u_440_41,22,4.4,7,121.241999999999
n_042_u_840_37,42,8.4,14,337.504
n_007_u_140_39,7,1.4,3,13.8700000000008
n_045_u_900_39,45,9,14,492.607
n_023_u_459_41,23,4.6,7,99.9470000000001
n_044_u_880_38,44,8.8,17,439.867999999999
n_029_u_580_40,29,5.8,9,222.888
n_043_u_860_41,43,8.6,14,385.095
n_049_u_980_41,49,9.8,16,573.905
n_009_u_180_39,9,1.8,4,25.0509999999995
n_031_u_620_44,31,6.2,9,199.834000000001
n_021_u_420_40,21,4.2,7,119.589999999999
n_026_u_520_40,26,5.2,8,134.815000000001
n_011_u_220_40,11,2.2,4,31.9639999999999
n_028_u_560_41,28,5.6,9,149.309
n_010_u_200_43,10,2,4,27.3320000000003
n_037_u_740_41,37,7.4,12,327.867
n_012_u_240_41,12,2.4,4,51.0630000000001
n_018_u_360_42,18,3.6,7,91.4690000000001
n_039_u_780_39,39,7.8,12,304.075
n_048_u_960_39,48,9.6,15,480.731
n_021_u_420_41,21,4.2,7,130.504999999999
n_041_u_819_40,41,8.2,14,321.440000000001
n_024_u_480_44,24,4.8,7,114.34
n_047_u_940_36,47,9.4,14,446.574
n_006_u_120_41,6,1.2,3,12.9279999999999
n_008_u_160_42,8,1.6,3,15.1410000000005
n_016_u_320_43,16,3.2,7,57.8180000000002
n_020_u_400_39,20,4,7,125.38
n_030_u_600_42,30,6,10,198.127
n_043_u_860_40,43,8.6,14,393.963
n_033_u_660_38,33,6.6,10,190.309
n_049_u_980_38,49,9.8,16,541.043
n_032_u_640_44,32,6.4,12,244.571
n_027_u_540_38,27,5.4,9,180.101
n_041_u_819_41,41,8.2,12,317.882
n_022_u_440_43,22,4.4,7,117.097
n_020_u_400_40,20,4,7,108.373
n_025_u_500_43,25,5,8,166.153
n_015_u_300_41,15,3,5,59.1750000000002
n_014_u_280_38,14,2.8,5,50.2550000000001
n_039_u_780_38,39,7.8,12,343.588
n_040_u_800_38,40,8,12,322.767999999999
n_008_u_160_43,8,1.6,3,20.3269999999993
n_036_u_720_41,36,7.2,12,356.469
n_010_u_200_42,10,2,4,47.3640000000005
n_022_u_440_40,22,4.4,7,103.561000000001
n_006_u_120_40,6,1.2,3,14.8549999999996
n_007_u_140_40,7,1.4,3,18.3389999999999
n_038_u_760_41,38,7.6,12,271.356000000001
n_048_u_960_41,48,9.6,15,381.67
n_029_u_580_42,29,5.8,10,192.017000000001
n_024_u_480_41,24,4.8,7,115.035000000001
n_016_u_320_40,16,3.2,5,72.4430000000002
n_037_u_740_43,37,7.4,12,276.24
n_005_u_100_43,5,1,3,20.0229999999992
n_019_u_380_42,19,3.8,6,104.578
n_050_u_1000_40,50,10,17,527.304
n_042_u_840_39,42,8.4,13,308.561
n_021_u_420_43,21,4.2,7,108.858999999999
n_023_u_459_44,23,4.6,8,150.312
n_005_u_100_40,5,1,3,205.688999999999
n_038_u_760_42,38,7.6,12,319.46
n_009_u_180_41,9,1.8,5,24.1950000000006
n_025_u_500_42,25,5,8,149.606
n_019_u_380_41,19,3.8,7,75.0689999999995
n_036_u_720_43,36,7.2,11,219.462
n_015_u_300_43,15,3,5,57.527
n_049_u_980_40,49,9.8,15,499.969
n_005_u_100_44,5,1,3,14.759
n_021_u_420_44,21,4.2,7,104.918000000001
n_044_u_880_42,44,8.8,13,411.075
n_020_u_400_41,20,4,7,88.6050000000005
n_029_u_580_44,29,5.8,10,156.84
n_023_u_459_43,23,4.6,8,110.995
n_048_u_960_40,48,9.6,15,491.365
n_018_u_360_44,18,3.6,7,75.5169999999998
n_034_u_680_41,34,6.8,10,213.866
n_043_u_860_42,43,8.6,13,327.835
n_040_u_800_41,40,8,12,330.931
n_017_u_340_42,17,3.4,6,86.7789999999995
n_011_u_220_44,11,2.2,4,32.5520000000006
n_031_u_620_43,31,6.2,10,209.001
n_045_u_900_41,45,9,14,356.994000000001
n_018_u_360_41,18,3.6,6,72.5650000000005
n_041_u_819_39,41,8.2,13,317.156
n_010_u_200_44,10,2,4,27.2739999999994
n_007_u_140_43,7,1.4,3,18.527
n_036_u_720_42,36,7.2,11,270.356000000001
n_046_u_920_40,46,9.2,14,377.424
n_047_u_940_38,47,9.4,15,452.036
n_047_u_940_40,47,9.4,14,478.911
n_035_u_700_42,35,7,11,290.633
n_018_u_360_45,18,3.6,6,70.5889999999999
n_037_u_740_44,37,7.4,12,316.763
n_016_u_320_42,16,3.2,5,75.692
n_008_u_160_41,8,1.6,4,20.5209999999997
n_027_u_540_39,27,5.4,9,180.486
n_037_u_740_45,37,7.4,11,239.54
n_015_u_300_42,15,3,5,60.5469999999996
n_033_u_660_40,33,6.6,10,227.934
n_022_u_440_42,22,4.4,7,105.414000000001
n_012_u_240_43,12,2.4,5,35.848
n_046_u_920_38,46,9.2,13,355.877
n_028_u_560_42,28,5.6,9,199.182
n_045_u_900_42,45,9,14,408.241
n_029_u_580_41,29,5.8,9,162.549
n_013_u_260_42,13,2.6,5,42.6710000000003
n_033_u_660_41,33,6.6,10,227.809999999999
n_014_u_280_40,14,2.8,5,56.5529999999999
n_039_u_780_41,39,7.8,13,305.361
n_014_u_280_42,14,2.8,5,60.7430000000004
n_035_u_700_44,35,7,10,245.627
n_050_u_1000_41,50,10,16,492.581
n_006_u_120_43,6,1.2,3,13.1050000000005
n_012_u_240_44,12,2.4,4,34.1269999999995
n_013_u_260_40,13,2.6,5,42.9430000000002
n_034_u_680_42,34,6.8,12,301.704
n_035_u_700_41,35,7,11,234.156
n_020_u_400_44,20,4,7,92.8900000000003
n_042_u_840_41,42,8.4,12,357.283
n_047_u_940_39,47,9.4,14,390.867
n_024_u_480_45,24,4.8,8,119.566
n_023_u_459_45,23,4.6,8,111.525
n_040_u_800_39,40,8,12,285.735
n_009_u_180_43,9,1.8,4,23.5860000000002
n_041_u_819_42,41,8.2,14,349.883
n_047_u_940_41,47,9.4,13,413.742
n_007_u_140_41,7,1.4,4,18.1260000000002
n_028_u_560_44,28,5.6,10,196.495
n_021_u_420_42,21,4.2,7,116.854
n_008_u_160_44,8,1.6,3,22.2610000000004
n_017_u_340_43,17,3.4,7,63.2629999999999
n_031_u_620_45,31,6.2,11,176.864
n_025_u_500_44,25,5,8,114.358999999999
n_032_u_640_42,32,6.4,10,214.91
n_038_u_760_44,38,7.6,12,310.778
n_014_u_280_41,14,2.8,6,49.2089999999998
n_034_u_680_44,34,6.8,10,240.497
n_033_u_660_42,33,6.6,10,206.25
n_032_u_640_43,32,6.4,10,276.176
n_019_u_380_44,19,3.8,6,97.6499999999996
n_044_u_880_45,44,8.8,14,426.259
n_037_u_740_42,37,7.4,13,303.888999999999
n_014_u_280_43,14,2.8,5,66.4249999999993
n_034_u_680_45,34,6.8,12,241.201
n_030_u_600_43,30,6,10,210.304
n_005_u_100_46,5,1,3,49.1589999999997
n_029_u_580_43,29,5.8,9,189.621
n_025_u_500_45,25,5,8,125.418
n_031_u_620_46,31,6.2,10,198.135
n_046_u_920_39,46,9.2,14,402.862999999999
n_028_u_560_43,28,5.6,9,184.723
n_011_u_220_47,11,2.2,4,37.0100000000002
n_031_u_620_42,31,6.2,10,222.449
n_027_u_540_41,27,5.4,9,159.582
n_020_u_400_42,20,4,7,100.508
n_027_u_540_43,27,5.4,11,164.387
n_026_u_520_43,26,5.2,9,187.491999999999
n_045_u_900_45,45,9,14,416.126
n_026_u_520_41,26,5.2,10,156.325
n_043_u_860_43,43,8.6,15,435.218
n_036_u_720_45,36,7.2,12,321.21
n_042_u_840_43,42,8.4,13,361.512000000001
n_022_u_440_44,22,4.4,8,127.522
n_013_u_260_41,13,2.6,5,46.5439999999999
n_009_u_180_45,9,1.8,5,23.8760000000002
n_010_u_200_45,10,2,4,28.4279999999999
n_021_u_420_45,21,4.2,7,126.235
n_018_u_360_47,18,3.6,6,70.6330000000007
n_050_u_1000_42,50,10,16,496.014
n_012_u_240_47,12,2.4,5,40.5640000000003
n_035_u_700_43,35,7,11,246.701
n_036_u_720_44,36,7.2,11,322.945
n_038_u_760_43,38,7.6,13,390.839
n_027_u_540_42,27,5.4,9,183.762000000001
n_040_u_800_40,40,8,12,311.795
n_005_u_100_45,5,1,3,19.2820000000002
n_017_u_340_44,17,3.4,7,68.2159999999994
n_030_u_600_44,30,6,9,202.107
n_033_u_660_45,33,6.6,11,253.513
n_007_u_140_42,7,1.4,3,16.5929999999998
n_044_u_880_44,44,8.8,14,369.462
n_024_u_480_48,24,4.8,8,139.908
n_037_u_740_46,37,7.4,12,258.19
n_027_u_540_44,27,5.4,9,175.833000000001
n_022_u_440_46,22,4.4,7,101.896
n_023_u_459_46,23,4.6,7,104.969
n_042_u_840_45,42,8.4,14,431.032
n_011_u_220_46,11,2.2,4,33.9410000000007
n_026_u_520_42,26,5.2,8,143.924
n_025_u_500_48,25,5,8,128.498000000001
n_050_u_1000_44,50,10,16,518.870999999999
n_018_u_360_46,18,3.6,6,74.2880000000005
n_049_u_980_43,49,9.8,14,411.739
n_009_u_180_47,9,1.8,4,29.5559999999996
n_042_u_840_42,42,8.4,13,372.793000000001
n_041_u_819_43,41,8.2,14,384.209
n_033_u_660_43,33,6.6,10,194.859
n_049_u_980_42,49,9.8,17,576.259
n_034_u_680_43,34,6.8,11,293.027
n_036_u_720_46,36,7.2,12,319.093
n_032_u_640_45,32,6.4,10,253.884
n_020_u_400_43,20,4,6,84.1570000000002
n_049_u_980_44,49,9.8,14,503.336
n_009_u_180_44,9,1.8,4,26.5029999999997
n_008_u_160_45,8,1.6,3,24.4700000000003
n_041_u_819_45,41,8.2,11,317.161
n_048_u_960_43,48,9.6,15,444.933
n_047_u_940_42,47,9.4,15,483.428
n_038_u_760_45,38,7.6,11,311.120999999999
n_008_u_160_47,8,1.6,4,21.8130000000001
n_046_u_920_42,46,9.2,14,412.655
n_031_u_620_48,31,6.2,10,211.962
n_005_u_100_47,5,1,3,27.0330000000004
n_047_u_940_43,47,9.4,15,403.662
n_016_u_320_44,16,3.2,5,62.3969999999999
n_017_u_340_46,17,3.4,6,79.8069999999998
n_016_u_320_45,16,3.2,6,78.2789999999995
n_016_u_320_46,16,3.2,6,64.3969999999999
n_014_u_280_44,14,2.8,5,59.5789999999997
n_015_u_300_45,15,3,6,59.9669999999996
n_050_u_1000_45,50,10,15,505.402
n_013_u_260_44,13,2.6,5,47.0100000000002
n_044_u_880_46,44,8.8,13,379.108
n_024_u_480_47,24,4.8,8,135.187
n_047_u_940_45,47,9.4,14,379.189
n_014_u_280_45,14,2.8,5,46.0500000000002
n_046_u_920_43,46,9.2,14,373.129
n_035_u_700_45,35,7,11,288.802
n_050_u_1000_46,50,10,16,508.786
n_039_u_780_44,39,7.8,12,303.692
n_030_u_600_45,30,6,9,202.866
n_046_u_920_41,46,9.2,15,513.004
n_022_u_440_48,22,4.4,7,131.172
n_022_u_440_45,22,4.4,7,101.75
n_034_u_680_46,34,6.8,11,281.746999999999
n_006_u_120_46,6,1.2,3,12.2619999999997
n_048_u_960_45,48,9.6,15,475.487999999999
n_018_u_360_48,18,3.6,6,69.768
n_043_u_860_44,43,8.6,13,360.801
n_048_u_960_42,48,9.6,15,473.76
n_038_u_760_46,38,7.6,13,357.276999999999
n_011_u_220_48,11,2.2,4,40.8999999999996
n_045_u_900_44,45,9,13,392.897
n_040_u_800_42,40,8,13,345.936
n_005_u_100_48,5,1,4,10.5730000000003
n_013_u_260_45,13,2.6,5,42.6879999999992
n_014_u_280_47,14,2.8,5,48.527
n_041_u_819_44,41,8.2,12,366.788
n_007_u_140_44,7,1.4,3,12.6410000000005
n_013_u_260_43,13,2.6,5,42.6140000000005
n_017_u_340_47,17,3.4,5,69.1099999999997
n_021_u_420_46,21,4.2,8,139.63
n_010_u_200_46,10,2,5,32.0990000000002
n_021_u_420_48,21,4.2,8,121.657
n_040_u_800_44,40,8,14,361.017
n_047_u_940_46,47,9.4,14,401.95
n_045_u_900_43,45,9,14,448.876
n_039_u_780_42,39,7.8,14,360.175
n_017_u_340_48,17,3.4,6,65.3379999999997
n_012_u_240_46,12,2.4,5,34.317
n_008_u_160_46,8,1.6,4,23.6720000000005
n_015_u_300_47,15,3,5,56.6630000000005
n_044_u_880_43,44,8.8,14,389.731
n_006_u_120_44,6,1.2,3,13.9160000000002
n_035_u_700_47,35,7,11,244.666
n_007_u_140_46,7,1.4,3,23.4409999999998
n_015_u_300_44,15,3,5,59.3460000000005
n_031_u_620_47,31,6.2,10,209.505999999999
n_012_u_240_45,12,2.4,5,34.6840000000002
n_044_u_880_47,44,8.8,15,422.456999999999
n_040_u_800_43,40,8,12,304.191
n_037_u_740_49,37,7.4,11,290.237999999999
n_011_u_220_45,11,2.2,4,40.3960000000006
n_018_u_360_49,18,3.6,7,77.2060000000001
n_042_u_840_44,42,8.4,15,448.863
n_019_u_380_47,19,3.8,7,101.95
n_007_u_140_45,7,1.4,3,20.7690000000002
n_014_u_280_48,14,2.8,5,63.2339999999995
n_029_u_580_45,29,5.8,9,172.138
n_028_u_560_46,28,5.6,9,146.068
n_027_u_540_45,27,5.4,9,149.983
n_026_u_520_45,26,5.2,8,142.917
n_011_u_220_49,11,2.2,5,35.8800000000001
n_020_u_400_45,20,4,6,94.2620000000006
n_030_u_600_47,30,6,11,190.095
n_009_u_180_46,9,1.8,4,26.0869999999995
n_050_u_1000_43,50,10,16,498.43
n_036_u_720_47,36,7.2,12,312.875
n_029_u_580_46,29,5.8,10,198.631
n_027_u_540_46,27,5.4,9,169.774
n_043_u_860_45,43,8.6,13,358.598999999999
n_039_u_780_43,39,7.8,13,302.876
n_038_u_760_49,38,7.6,12,300.72
n_024_u_480_49,24,4.8,7,141.719
n_019_u_380_45,19,3.8,7,96.0680000000002
n_021_u_420_47,21,4.2,7,107.876999999999
n_033_u_660_44,33,6.6,10,275.461
n_026_u_520_44,26,5.2,8,126.150000000001
n_048_u_960_44,48,9.6,14,437.672
n_020_u_400_47,20,4,6,99.0039999999999
n_029_u_580_47,29,5.8,10,216.864
n_006_u_120_45,6,1.2,3,17.9539999999997
n_046_u_920_46,46,9.2,14,378.956
n_023_u_459_47,23,4.6,8,139.281
n_010_u_200_47,10,2,4,29.4380000000001
n_026_u_520_46,26,5.2,9,157.189
n_025_u_500_47,25,5,8,133.645
n_027_u_540_48,27,5.4,11,172.861
n_017_u_340_45,17,3.4,6,70.8940000000002
n_049_u_980_45,49,9.8,16,471.635
n_025_u_500_46,25,5,8,128.233
n_020_u_400_46,20,4,6,102.499
n_028_u_560_48,28,5.6,10,152.639
n_030_u_600_48,30,6,9,174.229
n_031_u_620_49,31,6.2,11,216.406
n_013_u_260_48,13,2.6,4,49.7879999999996
n_040_u_800_45,40,8,12,410.023
n_015_u_300_46,15,3,5,62.9369999999999
n_030_u_600_49,30,6,10,180.408
n_050_u_1000_47,50,10,15,417.865000000001
n_035_u_700_46,35,7,11,236.367
n_049_u_980_46,49,9.8,17,546.373
n_024_u_480_46,24,4.8,8,138.339
n_035_u_700_49,35,7,11,239.962
n_022_u_440_47,22,4.4,8,112.335
n_007_u_140_47,7,1.4,3,25.5460000000003
n_024_u_480_50,24,4.8,8,142.399
n_034_u_680_49,34,6.8,10,220.136
n_016_u_320_47,16,3.2,5,67.1059999999998
n_037_u_740_48,37,7.4,12,301.262000000001
n_028_u_560_45,28,5.6,10,210.299999999999
n_019_u_380_46,19,3.8,7,108.382
n_027_u_540_49,27,5.4,9,185.607999999999
n_016_u_320_48,16,3.2,6,58.2749999999996
n_031_u_620_50,31,6.2,10,194.435
n_017_u_340_49,17,3.4,6,71.5549999999994
n_047_u_940_44,47,9.4,14,434.451
n_032_u_640_48,32,6.4,10,210.062
n_045_u_900_46,45,9,15,432.982
n_023_u_459_48,23,4.6,8,140.616
n_044_u_880_49,44,8.8,13,393.624
n_046_u_920_44,46,9.2,14,465.396000000001
n_034_u_680_47,34,6.8,11,302.606
n_049_u_980_47,49,9.8,16,463.166
n_012_u_240_48,12,2.4,5,36.1310000000003
n_033_u_660_46,33,6.6,10,224.483999999999
n_032_u_640_46,32,6.4,9,192.049
n_020_u_400_48,20,4,7,120.933
n_014_u_280_46,14,2.8,5,61.7030000000004
n_026_u_520_49,26,5.2,9,153.692
n_030_u_600_46,30,6,10,178.808
n_013_u_260_46,13,2.6,5,45.5009999999993
n_033_u_660_48,33,6.6,11,221.073
n_028_u_560_47,28,5.6,9,170.885
n_016_u_320_49,16,3.2,6,62.8590000000004
n_034_u_680_48,34,6.8,11,248.946
n_043_u_860_46,43,8.6,15,421.321
n_041_u_819_47,41,8.2,12,306.379
n_048_u_960_46,48,9.6,14,432.747
n_037_u_740_50,37,7.4,12,268.384
n_029_u_580_48,29,5.8,9,160.467000000001
n_008_u_160_49,8,1.6,3,27.326
n_010_u_200_48,10,2,4,32.0079999999998
n_039_u_780_46,39,7.8,13,341.54
n_042_u_840_46,42,8.4,15,346.731
n_033_u_660_47,33,6.6,11,247.775000000001
n_036_u_720_48,36,7.2,11,293.809
n_006_u_120_48,6,1.2,3,16.0039999999999
n_015_u_300_48,15,3,5,56.0309999999999
n_047_u_940_47,47,9.4,16,474.503000000001
n_009_u_180_48,9,1.8,4,23.1360000000004
n_040_u_800_46,40,8,13,365.839
n_039_u_780_47,39,7.8,12,299.918
n_025_u_500_49,25,5,9,134.152
n_030_u_600_50,30,6,10,182.418000000001
n_029_u_580_49,29,5.8,10,197.52
n_007_u_140_48,7,1.4,4,15.317
n_043_u_860_48,43,8.6,13,366.579
n_040_u_800_47,40,8,13,343.919
n_035_u_700_48,35,7,12,255.83
n_006_u_120_49,6,1.2,3,15.9449999999997
n_041_u_819_49,41,8.2,12,290.351000000001
n_037_u_740_47,37,7.4,11,273.940000000001
n_048_u_960_48,48,9.6,15,452.344
n_007_u_140_49,7,1.4,3,19.165
n_039_u_780_45,39,7.8,12,357.829
n_038_u_760_47,38,7.6,13,312.777999999999
n_010_u_200_50,10,2,4,28.6579999999994
n_038_u_760_48,38,7.6,12,341.144
n_026_u_520_47,26,5.2,8,141.844
n_014_u_280_49,14,2.8,6,56.2650000000003
n_006_u_120_47,6,1.2,3,14.674
n_027_u_540_47,27,5.4,9,163.804999999999
n_005_u_100_49,5,1,3,16.2759999999998
n_040_u_800_49,40,8,12,344.492
n_042_u_840_47,42,8.4,13,402.447
n_023_u_459_49,23,4.6,8,107.391000000001
n_021_u_420_50,21,4.2,9,111.812
n_005_u_100_50,5,1,3,31.2280000000001
n_032_u_640_47,32,6.4,11,284.837
n_044_u_880_48,44,8.8,14,495.247
n_009_u_180_49,9,1.8,4,24.335
n_019_u_380_49,19,3.8,6,102.148
n_015_u_300_50,15,3,6,59.9719999999998
n_050_u_1000_50,50,10,16,479.764999999999
n_043_u_860_50,43,8.6,14,350.184
n_022_u_440_49,22,4.4,7,101.786999999999
n_042_u_840_48,42,8.4,14,413.186
n_044_u_880_50,44,8.8,13,364.117999999999
n_033_u_660_49,33,6.6,11,212.942999999999
n_049_u_980_48,49,9.8,15,451.632000000001
n_019_u_380_50,19,3.8,7,87.8689999999997
n_029_u_580_50,29,5.8,11,187.8
n_040_u_800_50,40,8,12,300.036
n_020_u_400_49,20,4,6,101.856
n_011_u_220_50,11,2.2,5,31.3699999999999
n_020_u_400_50,20,4,8,85.9529999999995
n_009_u_180_50,9,1.8,4,27.8889999999992
n_046_u_920_45,46,9.2,15,453.917
n_018_u_360_50,18,3.6,7,79.6170000000002
n_019_u_380_48,19,3.8,7,87.3159999999998
n_041_u_819_46,41,8.2,13,356.27
n_016_u_320_50,16,3.2,6,51.2560000000003
n_028_u_560_49,28,5.6,9,165.223
n_043_u_860_49,43,8.6,14,430.923
n_008_u_160_48,8,1.6,3,20.6930000000002
n_013_u_260_47,13,2.6,5,44.6130000000003
n_039_u_780_50,39,7.8,12,290.027
n_048_u_960_47,48,9.6,15,434.532999999999
n_022_u_440_50,22,4.4,7,107.428
n_027_u_540_50,27,5.4,10,146.731
n_048_u_960_50,48,9.6,15,447.347
n_036_u_720_49,36,7.2,16,370.557
n_045_u_900_47,45,9,13,347.076
n_041_u_819_48,41,8.2,14,322.320000000001
n_046_u_920_49,46,9.2,14,337.469
n_015_u_300_49,15,3,5,63.473
n_012_u_240_49,12,2.4,4,39.0460000000003
n_008_u_160_50,8,1.6,4,19.3469999999998
n_045_u_900_49,45,9,14,428.044
n_050_u_1000_49,50,10,15,470.757000000001
n_021_u_420_49,21,4.2,8,92.9720000000007
n_047_u_940_50,47,9.4,16,490.111
n_038_u_760_50,38,7.6,12,282.28
n_042_u_840_49,42,8.4,14,332.836
n_046_u_920_47,46,9.2,14,425.822999999999
n_026_u_520_48,26,5.2,8,122.518
n_032_u_640_50,32,6.4,13,216.246
n_033_u_660_50,33,6.6,11,207.176
n_032_u_640_49,32,6.4,10,185.928
n_036_u_720_50,36,7.2,12,256.668
n_035_u_700_50,35,7,11,232.651
n_043_u_860_47,43,8.6,13,432.317999999999
n_013_u_260_49,13,2.6,4,47.2370000000001
n_039_u_780_48,39,7.8,12,303.297
n_047_u_940_48,47,9.4,15,495.601
n_010_u_200_49,10,2,4,26.241
n_006_u_120_50,6,1.2,3,13.6860000000006
n_047_u_940_49,47,9.4,15,445.375
n_025_u_500_50,25,5,8,119.351
n_028_u_560_50,28,5.6,9,127.085
n_040_u_800_48,40,8,13,326.014
n_042_u_840_50,42,8.4,14,384.84
n_007_u_140_50,7,1.4,3,14.6280000000006
n_014_u_280_50,14,2.8,5,44.9120000000003
n_046_u_920_48,46,9.2,14,428.956
n_046_u_920_50,46,9.2,13,330.44
n_013_u_260_50,13,2.6,5,37.6590000000006
n_049_u_980_49,49,9.8,16,455.686
n_041_u_819_50,41,8.2,14,296.312
n_045_u_900_48,45,9,14,370.14
n_034_u_680_50,34,6.8,11,188.173
n_050_u_1000_48,50,10,16,431.254
n_023_u_459_50,23,4.6,8,101.128
n_026_u_520_50,26,5.2,9,122.53
n_048_u_960_49,48,9.6,16,450.712
n_012_u_240_50,12,2.4,5,30.7839999999997
n_017_u_340_50,17,3.4,6,54.2709999999997
n_039_u_780_49,39,7.8,12,244.819
n_049_u_980_50,49,9.8,14,407.029
n_045_u_900_50,45,9,14,299.102
